order_id,account_id,company,status,currency,subtotal,tax,total,created_at
1,27611,"Boone, Gallagher and Scott",paid,USD,9746.0,682.22,10428.22,2026-03-02T18:47:24.779487Z
2,17412,Miller and Sons,paid,GBP,0.66,0.13,0.79,2026-03-02T18:47:24.771711Z
3,41190,"Stephens, Wood and Munoz",invoiced,USD,2576.04,180.32,2756.36,2026-03-02T18:47:24.783930Z
4,40939,Garcia-Foster,paid,USD,0.28,0.02,0.3,2026-03-02T18:47:24.775509Z
5,91644,Harmon-Pope,paid,GBP,0.37,0.07,0.44,2026-03-02T18:47:25.863156Z
6,85211,Washington LLC,invoiced,USD,0.36,0.03,0.39,2026-03-02T18:47:25.920182Z
7,52445,Foster Inc,created,EUR,3564.0,712.8,4276.8,2026-03-02T18:47:24.788071Z
8,39714,Rivers-Martinez,paid,GBP,5593.9,1118.78,6712.68,2026-03-02T18:47:24.763644Z
9,70687,"Brooks, Taylor and Delacruz",confirmed,USD,1363.0,95.41,1458.41,2026-03-02T18:47:25.900054Z
10,84894,Patterson PLC,paid,GBP,1247.72,249.54,1497.26,2026-03-02T18:47:24.759309Z
11,69294,"Vincent, Harrington and Hayes",confirmed,EUR,1287.0,257.4,1544.4,2026-03-02T18:47:24.936794Z
12,72202,Sandoval-Estrada,confirmed,EUR,5685.0,1137.0,6822.0,2026-03-02T18:47:24.941914Z
13,43948,Jennings-Sutton,created,EUR,928.0,185.6,1113.6,2026-03-02T18:47:24.888844Z
14,24002,"Park, Pearson and Bentley",created,USD,4836.34,338.54,5174.88,2026-03-02T18:47:26.005728Z
15,37391,Boyd Inc,invoiced,GBP,9951.31,1990.26,11941.57,2026-03-02T18:47:24.885540Z
16,57385,Castillo-Butler,paid,EUR,19727.0,3945.4,23672.4,2026-03-02T18:47:24.875436Z
17,78417,Roman-Horne,invoiced,EUR,1.35,0.27,1.62,2026-03-02T18:47:24.891751Z
18,33758,Stanley LLC,paid,USD,19149.0,1340.43,20489.43,2026-03-02T18:47:26.030804Z
19,98752,Glover PLC,confirmed,USD,8381.0,586.67,8967.67,2026-03-02T18:47:25.249305Z
20,99948,Green Ltd,confirmed,USD,0.57,0.04,0.61,2026-03-02T18:47:25.276918Z
21,31620,Norris-Reid,confirmed,USD,40608.0,2842.56,43450.56,2026-03-02T18:47:25.264122Z
22,28398,Johnson Group,invoiced,USD,3762.0,263.34,4025.34,2026-03-02T18:47:25.290767Z
23,47999,Smith LLC,created,EUR,3.04,0.61,3.65,2026-03-02T18:47:25.226202Z
24,60182,"White, Murillo and Lee",paid,EUR,1015.0,203.0,1218.0,2026-03-02T18:47:25.318224Z
25,59409,Lewis LLC,invoiced,EUR,1.8,0.36,2.16,2026-03-02T18:47:25.393320Z
26,36575,"Harris, Burke and Brown",confirmed,GBP,1.23,0.25,1.48,2026-03-02T18:47:25.343360Z
27,94999,Miles-Krueger,confirmed,EUR,4876.0,975.2,5851.2,2026-03-02T18:47:25.416006Z
28,24805,"Anderson, Harper and Thompson",paid,EUR,4436.0,887.2,5323.2,2026-03-02T18:47:25.365305Z
29,81843,Reed PLC,confirmed,GBP,5663.7,1132.74,6796.44,2026-03-02T18:47:26.538731Z
30,80658,Carr-Howell,created,USD,55931.8,3915.23,59847.03,2026-03-02T18:47:25.418580Z
31,11609,Rodriguez-Long,confirmed,EUR,2.16,0.43,2.59,2026-03-02T18:47:25.474878Z
32,20147,Thomas Ltd,created,GBP,12253.0,2450.6,14703.6,2026-03-02T18:47:25.491561Z
33,84754,Chen LLC,confirmed,USD,37143.0,2600.01,39743.01,2026-03-02T18:47:25.535184Z
34,79328,Willis-Bridges,confirmed,GBP,1.97,0.39,2.36,2026-03-02T18:47:25.568105Z
35,81918,Christensen-Burgess,paid,USD,1.76,0.12,1.88,2026-03-02T18:47:27.832686Z
36,53083,Bird LLC,confirmed,USD,3.56,0.25,3.81,2026-03-02T18:47:25.646108Z
37,99391,"Davis, Williamson and Wilkinson",paid,GBP,14948.28,2989.66,17937.94,2026-03-02T18:47:26.302934Z
38,93817,Patterson-Ramsey,confirmed,USD,13583.0,950.81,14533.81,2026-03-02T18:47:26.358008Z
39,37505,Cruz-Lee,created,USD,870.0,60.9,930.9,2026-03-02T18:47:26.250913Z
40,70110,"Humphrey, Johnson and Campbell",paid,USD,2079.0,145.53,2224.53,2026-03-02T18:47:26.376188Z
41,59941,Hall-Martin,paid,EUR,1.51,0.3,1.81,2026-03-02T18:47:26.320110Z
42,93810,Johnson LLC,paid,EUR,3861.15,772.23,4633.38,2026-03-02T18:47:26.276584Z
43,15053,Horton-Thomas,created,EUR,31161.09,6232.22,37393.31,2026-03-02T18:47:26.326698Z
44,63547,"Weaver, Atkins and Thompson",paid,USD,2345.24,164.17,2509.41,2026-03-02T18:47:26.378810Z
45,45635,Freeman-Miller,paid,EUR,22557.1,4511.42,27068.52,2026-03-02T18:47:27.483759Z
46,20011,Williams-Matthews,confirmed,USD,10864.2,760.49,11624.69,2026-03-02T18:47:26.419374Z
47,56117,Jordan Group,paid,GBP,1.71,0.34,2.05,2026-03-02T18:47:26.435130Z
48,81848,Anderson-Dawson,invoiced,USD,0.06,0.0,0.06,2026-03-02T18:47:26.432401Z
49,18766,Gutierrez-Rodriguez,paid,USD,20739.0,1451.73,22190.73,2026-03-02T18:47:26.398953Z
50,75213,Diaz-Macdonald,created,EUR,12017.0,2403.4,14420.4,2026-03-02T18:47:26.480191Z
51,41918,"Tran, Sanchez and Chaney",paid,EUR,0.67,0.13,0.8,2026-03-02T18:47:26.447375Z
52,45168,Beard PLC,invoiced,GBP,929.92,185.98,1115.9,2026-03-02T18:47:27.561915Z
53,90889,Bryant Ltd,invoiced,EUR,0.15,0.03,0.18,2026-03-02T18:47:26.499641Z
54,28019,Hawkins-Webb,paid,GBP,725.0,145.0,870.0,2026-03-02T18:47:26.502616Z
55,21841,Hernandez Ltd,confirmed,GBP,2.64,0.53,3.17,2026-03-02T18:47:27.239269Z
56,83368,Wells PLC,invoiced,EUR,9588.0,1917.6,11505.6,2026-03-02T18:47:27.268507Z
57,15579,Lawrence-Smith,invoiced,EUR,726.46,145.29,871.75,2026-03-02T18:47:27.249568Z
58,86121,Harris Ltd,paid,EUR,1881.0,376.2,2257.2,2026-03-02T18:47:27.221391Z
59,39384,Cantu Group,created,USD,2574.56,180.22,2754.78,2026-03-02T18:47:27.296666Z
60,50344,Lane-Baker,created,EUR,9552.61,1910.52,11463.13,2026-03-02T18:47:27.255207Z
61,74813,Hawkins LLC,paid,GBP,1161.4,232.28,1393.68,2026-03-02T18:47:27.252433Z
62,85400,Brown and Sons,confirmed,USD,31161.26,2181.29,33342.55,2026-03-02T18:47:28.471085Z
63,68345,Carter-Blankenship,paid,EUR,1495.21,299.04,1794.25,2026-03-02T18:47:27.395626Z
64,72411,Mccoy Group,invoiced,USD,39950.0,2796.5,42746.5,2026-03-02T18:47:27.362515Z
65,64361,Roberts-Kirk,confirmed,GBP,4.9,0.98,5.88,2026-03-02T18:47:27.371208Z
66,19281,Hamilton-Sanchez,confirmed,GBP,1305.0,261.0,1566.0,2026-03-02T18:47:27.339754Z
67,19803,Miranda Group,created,USD,2772.1,194.05,2966.15,2026-03-02T18:47:27.377337Z
68,71127,"Burgess, Odonnell and Rodriguez",confirmed,USD,21248.0,1487.36,22735.36,2026-03-02T18:47:27.427297Z
69,99684,Davis and Sons,invoiced,EUR,3145.34,629.07,3774.41,2026-03-02T18:47:27.429734Z
70,25523,Warner-Cole,confirmed,USD,8705.92,609.41,9315.33,2026-03-02T18:47:27.449273Z
71,52434,"Harvey, Smith and Mcgrath",paid,EUR,21573.13,4314.63,25887.76,2026-03-02T18:47:27.505256Z
72,19624,"Rodgers, Lopez and Hale",confirmed,EUR,3664.2,732.84,4397.04,2026-03-02T18:47:27.480921Z
73,46675,Shaw PLC,confirmed,EUR,1.29,0.26,1.55,2026-03-02T18:47:28.329879Z
74,90035,"Camacho, Flores and Marsh",invoiced,USD,1.53,0.11,1.64,2026-03-02T18:47:28.316340Z
75,69093,"Kim, Williams and Saunders",invoiced,EUR,1092.21,218.44,1310.65,2026-03-02T18:47:28.256370Z
76,58569,Clements-Gonzalez,paid,GBP,1189.0,237.8,1426.8,2026-03-02T18:47:28.318672Z
77,43125,Gonzalez-Lee,confirmed,EUR,2587.0,517.4,3104.4,2026-03-02T18:47:28.259359Z
78,34596,Evans Ltd,invoiced,EUR,2587.0,517.4,3104.4,2026-03-02T18:47:28.271146Z
79,29049,Bailey-Martin,invoiced,GBP,5174.0,1034.8,6208.8,2026-03-02T18:47:28.302299Z
80,45584,Weaver-Erickson,confirmed,GBP,2192.0,438.4,2630.4,2026-03-02T18:47:28.298030Z
81,76314,Morgan-Schmidt,paid,EUR,2.04,0.41,2.45,2026-03-02T18:47:28.232220Z
82,28968,Lucero-Carter,confirmed,USD,0.11,0.01,0.12,2026-03-02T18:47:28.335406Z
83,75032,Davis-Gray,invoiced,GBP,23172.05,4634.41,27806.46,2026-03-02T18:47:28.401300Z
84,47170,Burns PLC,confirmed,USD,1.04,0.07,1.11,2026-03-02T18:47:28.345100Z
85,36160,"Gilbert, Rodriguez and Stein",invoiced,EUR,39153.73,7830.75,46984.48,2026-03-02T18:47:28.385324Z
86,14067,"Monroe, Stewart and Smith",created,GBP,551.0,110.2,661.2,2026-03-02T18:47:28.418366Z
87,29130,"Lopez, Combs and Fernandez",confirmed,USD,1.07,0.07,1.14,2026-03-02T18:47:28.451805Z
88,62099,Cook and Sons,paid,EUR,11985.0,2397.0,14382.0,2026-03-02T18:47:28.403918Z
89,20628,"Warner, Green and Cooper",created,USD,38352.02,2684.64,41036.66,2026-03-02T18:47:28.461315Z
90,36695,"Davis, Keller and Willis",paid,USD,1247.0,87.29,1334.29,2026-03-02T18:47:28.429106Z
91,20947,"Jackson, Sutton and Martin",invoiced,USD,3.07,0.21,3.28,2026-03-02T18:47:29.263617Z
92,65187,"Cunningham, Grant and Chapman",invoiced,USD,8793.51,615.55,9409.06,2026-03-02T18:47:29.302776Z
93,74795,"Sharp, Ware and Davis",invoiced,EUR,0.14,0.03,0.17,2026-03-02T18:47:29.286940Z
94,81670,Martinez LLC,invoiced,USD,0.06,0.0,0.06,2026-03-02T18:47:29.266010Z
95,79711,"Booker, Doyle and Bowers",confirmed,EUR,987.35,197.47,1184.82,2026-03-02T18:47:29.241055Z
96,58574,Velez-Foster,paid,EUR,1592.0,318.4,1910.4,2026-03-02T18:47:29.249207Z
97,35498,Shaffer-Watson,confirmed,GBP,496.49,99.3,595.79,2026-03-02T18:47:29.244001Z
98,56713,"Guerra, Gomez and Brown",confirmed,USD,28962.64,2027.38,30990.02,2026-03-02T18:47:29.252976Z
99,62950,Gonzalez-White,created,GBP,3465.56,693.11,4158.67,2026-03-02T18:47:29.270025Z
100,29093,Gibson-Townsend,confirmed,EUR,8360.2,1672.04,10032.24,2026-03-02T18:47:29.291703Z
101,86172,Kerr PLC,confirmed,EUR,1276.26,255.25,1531.51,2026-03-02T18:47:29.331116Z
102,29421,"Gilbert, Jackson and Marquez",paid,USD,4753.68,332.76,5086.44,2026-03-02T18:47:29.369622Z
103,69807,"Horton, Meyers and Norris",paid,EUR,6543.0,1308.6,7851.6,2026-03-02T18:47:29.328365Z
104,12560,Dennis and Sons,invoiced,EUR,493.0,98.6,591.6,2026-03-02T18:47:29.367290Z
105,87506,Carpenter-Rodriguez,paid,GBP,7960.28,1592.06,9552.34,2026-03-02T18:47:29.419301Z
106,72814,Peters PLC,paid,EUR,891.0,178.2,1069.2,2026-03-02T18:47:29.416424Z
107,42306,"Perkins, Compton and Barrett",invoiced,GBP,0.99,0.2,1.19,2026-03-02T18:47:29.364674Z
108,27107,"Ochoa, Gilmore and Cruz",invoiced,EUR,495.0,99.0,594.0,2026-03-02T18:47:29.396363Z
109,46645,Stevens PLC,paid,GBP,39728.0,7945.6,47673.6,2026-03-02T18:47:30.227159Z
110,60860,"Wright, Olson and Hill",confirmed,EUR,3.2,0.64,3.84,2026-03-02T18:47:30.315037Z
111,37887,Snyder-Sanders,created,GBP,58.62,11.72,70.34,2026-03-02T18:47:30.262819Z
112,73077,"Riley, Evans and Marshall",paid,USD,1.4,0.1,1.5,2026-03-02T18:47:30.321546Z
113,14004,"Dillon, Bowen and Smith",invoiced,USD,21576.84,1510.38,23087.22,2026-03-02T18:47:30.256407Z
114,41579,"Garcia, Wade and Sanchez",created,USD,8349.0,584.43,8933.43,2026-03-02T18:47:30.259331Z
115,47125,Waters PLC,confirmed,GBP,41537.0,8307.4,49844.4,2026-03-02T18:47:30.270800Z
116,88617,"Bowen, Smith and Lucas",confirmed,USD,36171.24,2531.99,38703.23,2026-03-02T18:47:30.266900Z
117,41470,Martin Group,created,EUR,0.27,0.05,0.32,2026-03-02T18:47:30.323971Z
118,92825,Collins Ltd,confirmed,GBP,1.1,0.22,1.32,2026-03-02T18:47:30.243468Z
119,47486,Rodgers PLC,created,GBP,986.0,197.2,1183.2,2026-03-02T18:47:30.328428Z
120,77493,Lopez Ltd,paid,EUR,1.63,0.33,1.96,2026-03-02T18:47:30.416531Z
121,21442,Silva Group,created,EUR,6.56,1.31,7.87,2026-03-02T18:47:30.373403Z
122,76849,Harper LLC,confirmed,USD,2.72,0.19,2.91,2026-03-02T18:47:31.488617Z
123,16863,Miller-Russell,paid,GBP,1194.0,238.8,1432.8,2026-03-02T18:47:30.342220Z
124,46412,"Smith, Meza and Brown",confirmed,USD,3467.01,242.69,3709.7,2026-03-02T18:47:30.428675Z
125,41824,Clayton PLC,paid,GBP,2378.34,475.67,2854.01,2026-03-02T18:47:31.582480Z
126,85048,Lane Group,paid,USD,3.28,0.23,3.51,2026-03-02T18:47:30.468049Z
127,15842,"Carpenter, Carson and Johnson",created,GBP,6967.32,1393.46,8360.78,2026-03-02T18:47:31.323838Z
128,41017,Hunt-Anderson,paid,USD,0.64,0.04,0.68,2026-03-02T18:47:31.337229Z
129,86821,"Nelson, Wilkerson and Beasley",confirmed,GBP,0.93,0.19,1.12,2026-03-02T18:47:31.295767Z
130,78128,Nelson-Yang,paid,EUR,3154.0,630.8,3784.8,2026-03-02T18:47:31.333075Z
131,51344,Carrillo-Miller,confirmed,USD,7990.0,559.3,8549.3,2026-03-02T18:47:31.366304Z
132,64057,Russell and Sons,paid,USD,1.95,0.14,2.09,2026-03-02T18:47:31.283119Z
133,74727,Olson-Mack,created,EUR,0.3,0.06,0.36,2026-03-02T18:47:31.328034Z
134,73454,"Gonzalez, Riggs and Bartlett",created,GBP,1826.94,365.39,2192.33,2026-03-02T18:47:31.280289Z
135,97757,Garrett-Aguilar,confirmed,GBP,0.61,0.12,0.73,2026-03-02T18:47:31.352520Z
136,85460,Rice-Hamilton,invoiced,GBP,0.86,0.17,1.03,2026-03-02T18:47:31.429755Z
137,19485,Ortiz and Sons,confirmed,USD,1363.0,95.41,1458.41,2026-03-02T18:47:31.363433Z
138,35354,Cole-Wolfe,created,USD,4554.9,318.84,4873.74,2026-03-02T18:47:31.395814Z
139,10197,"Jensen, Franklin and Walter",paid,USD,3465.0,242.55,3707.55,2026-03-02T18:47:31.404683Z
140,22453,Adams PLC,confirmed,GBP,4.99,1.0,5.99,2026-03-02T18:47:31.407318Z
141,77806,Carpenter Group,confirmed,EUR,2676.28,535.26,3211.54,2026-03-02T18:47:31.426348Z
142,86361,"Frazier, Tucker and Tucker",created,GBP,36754.0,7350.8,44104.8,2026-03-02T18:47:31.519071Z
143,34107,Smith and Sons,invoiced,USD,207.32,14.51,221.83,2026-03-02T18:47:31.481629Z
144,68755,Gibson Ltd,invoiced,USD,33330.01,2333.1,35663.11,2026-03-02T18:47:31.441341Z
145,65412,"Smith, Johnson and Flores",invoiced,EUR,396.0,79.2,475.2,2026-03-02T18:47:32.302182Z
146,27476,Hanson Inc,paid,EUR,1044.67,208.93,1253.6,2026-03-02T18:47:32.239420Z
147,89330,"Hernandez, Duffy and Gonzales",confirmed,GBP,9588.0,1917.6,11505.6,2026-03-02T18:47:32.281269Z
148,62887,"Fields, Cordova and Williams",paid,USD,3.54,0.25,3.79,2026-03-02T18:47:33.369870Z
149,19320,King and Sons,confirmed,GBP,8148.71,1629.74,9778.45,2026-03-02T18:47:32.305820Z
150,52777,Lopez-Torres,invoiced,GBP,262.91,52.58,315.49,2026-03-02T18:47:32.296705Z
151,63689,"Chen, Harris and Mcpherson",invoiced,EUR,7.84,1.57,9.41,2026-03-02T18:47:33.309836Z
152,61308,"Thomas, Bonilla and Yates",paid,USD,4794.0,335.58,5129.58,2026-03-02T18:47:33.434225Z
153,74292,Johnson Ltd,confirmed,USD,4257.29,298.01,4555.3,2026-03-02T18:47:32.299196Z
154,36626,Tucker-Clark,paid,USD,5680.88,397.66,6078.54,2026-03-02T18:47:32.267344Z
155,86137,"Ryan, English and Bird",paid,USD,1387.39,97.12,1484.51,2026-03-02T18:47:32.348302Z
156,73934,Small-Wright,confirmed,EUR,7990.03,1598.01,9588.04,2026-03-02T18:47:32.356047Z
157,90169,Walker-Smith,created,USD,0.13,0.01,0.14,2026-03-02T18:47:32.382119Z
158,99686,Michael Inc,confirmed,USD,3465.82,242.61,3708.43,2026-03-02T18:47:32.455421Z
159,61710,Chambers and Sons,confirmed,EUR,0.28,0.06,0.34,2026-03-02T18:47:32.461187Z
160,26061,"Cooper, Thompson and Matthews",created,GBP,10460.13,2092.03,12552.16,2026-03-02T18:47:32.398738Z
161,77922,Pierce and Sons,created,GBP,2673.62,534.72,3208.34,2026-03-02T18:47:32.395906Z
162,17039,"Leach, Harris and Harris",paid,GBP,14915.0,2983.0,17898.0,2026-03-02T18:47:32.452835Z
163,80965,"Bryant, Silva and Vasquez",created,EUR,16779.25,3355.85,20135.1,2026-03-02T18:47:33.252504Z
164,22495,"Turner, Acevedo and Ford",invoiced,EUR,297.0,59.4,356.4,2026-03-02T18:47:33.243490Z
165,12205,Nixon Group,confirmed,USD,1.55,0.11,1.66,2026-03-02T18:47:34.344528Z
166,33424,"Morrison, Patterson and Murphy",confirmed,GBP,12537.0,2507.4,15044.4,2026-03-02T18:47:33.314516Z
167,39993,Murphy LLC,created,EUR,37553.33,7510.67,45064.0,2026-03-02T18:47:33.278432Z
168,25057,"Wood, Lopez and Patel",created,USD,6266.0,438.62,6704.62,2026-03-02T18:47:33.261612Z
169,43492,"Weber, Peters and Martinez",confirmed,GBP,0.21,0.04,0.25,2026-03-02T18:47:33.283211Z
170,55218,"Flores, Davis and Nguyen",invoiced,EUR,1.08,0.22,1.3,2026-03-02T18:47:33.360285Z
171,83639,Mcgrath-Wilson,created,GBP,1.24,0.25,1.49,2026-03-02T18:47:34.533576Z
172,56205,Lewis LLC,paid,USD,12784.0,894.88,13678.88,2026-03-02T18:47:33.450208Z
173,52483,Barnett-Strickland,confirmed,USD,4950.0,346.5,5296.5,2026-03-02T18:47:33.382110Z
174,10614,Lucero-Crawford,invoiced,GBP,12772.69,2554.54,15327.23,2026-03-02T18:47:33.442699Z
175,68190,Williams PLC,confirmed,EUR,12664.53,2532.91,15197.44,2026-03-02T18:47:33.453056Z
176,13892,Saunders and Sons,paid,GBP,36073.16,7214.63,43287.79,2026-03-02T18:47:33.480917Z
177,38415,Fisher-Lee,created,EUR,18380.04,3676.01,22056.05,2026-03-02T18:47:33.484165Z
178,24768,"Orozco, Newman and Fischer",created,USD,1218.08,85.27,1303.35,2026-03-02T18:47:33.447670Z
179,35975,Summers Inc,paid,USD,33062.0,2314.34,35376.34,2026-03-02T18:47:33.516929Z
180,28905,Craig PLC,paid,GBP,7761.08,1552.22,9313.3,2026-03-02T18:47:33.551938Z
181,86145,"Garcia, Cook and Morgan",invoiced,GBP,4197.0,839.4,5036.4,2026-03-02T18:47:34.243639Z
182,69253,Hall-Morse,confirmed,GBP,25568.98,5113.8,30682.78,2026-03-02T18:47:34.230776Z
183,24148,Burgess Inc,confirmed,GBP,1.28,0.26,1.54,2026-03-02T18:47:34.319955Z
184,46165,Allen Ltd,created,GBP,3.76,0.75,4.51,2026-03-02T18:47:34.273847Z
185,24818,Moore PLC,invoiced,USD,5174.0,362.18,5536.18,2026-03-02T18:47:34.271132Z
186,54865,"Perry, Kelley and Cole",invoiced,EUR,594.23,118.85,713.08,2026-03-02T18:47:34.239024Z
187,56037,Lara-Hernandez,paid,EUR,33559.56,6711.91,40271.47,2026-03-02T18:47:34.323591Z
188,39017,Melendez-Allen,invoiced,GBP,3564.0,712.8,4276.8,2026-03-02T18:47:34.247080Z
189,73364,"Hill, Johnston and Wilson",invoiced,USD,4778.05,334.46,5112.51,2026-03-02T18:47:34.336111Z
190,19776,Walton LLC,invoiced,USD,8358.0,585.06,8943.06,2026-03-02T18:47:34.347808Z
191,79146,"Savage, Palmer and Thomas",confirmed,EUR,4733.0,946.6,5679.6,2026-03-02T18:47:34.356974Z
192,58933,Miller-Parker,paid,USD,1247.0,87.29,1334.29,2026-03-02T18:47:34.332128Z
193,83635,Mercado-Hines,invoiced,USD,4379.26,306.55,4685.81,2026-03-02T18:47:34.398650Z
194,88983,Perkins LLC,invoiced,GBP,1582.0,316.4,1898.4,2026-03-02T18:47:34.340246Z
195,88055,Williams-Gonzalez,confirmed,USD,2.83,0.2,3.03,2026-03-02T18:47:34.413098Z
196,95118,"Dawson, Marquez and Norton",confirmed,GBP,0.32,0.06,0.38,2026-03-02T18:47:34.492825Z
197,80762,Anderson Inc,confirmed,EUR,3184.0,636.8,3820.8,2026-03-02T18:47:34.466826Z
198,16944,"Dawson, Garcia and Manning",confirmed,GBP,0.64,0.13,0.77,2026-03-02T18:47:34.420949Z
199,55120,"Long, Hill and Marquez",confirmed,GBP,1.78,0.36,2.14,2026-03-02T18:47:35.320467Z
200,15978,Navarro Inc,created,EUR,1287.0,257.4,1544.4,2026-03-02T18:47:35.251403Z
201,18795,"Nguyen, Smith and Campbell",created,USD,552.76,38.69,591.45,2026-03-02T18:47:35.312491Z
202,60533,"Harrison, Marks and Gonzalez",invoiced,USD,0.08,0.01,0.09,2026-03-02T18:47:35.234134Z
203,21895,Wilkinson PLC,invoiced,USD,15980.0,1118.6,17098.6,2026-03-02T18:47:35.328411Z
204,62023,Buckley and Sons,invoiced,EUR,10132.0,2026.4,12158.4,2026-03-02T18:47:35.307208Z
205,66939,Ramsey-Herrera,invoiced,USD,1335.2,93.46,1428.66,2026-03-02T18:47:35.304250Z
206,11133,Torres Ltd,confirmed,USD,10387.02,727.09,11114.11,2026-03-02T18:47:35.323917Z
207,76319,"Caldwell, Castaneda and Walker",confirmed,USD,35955.0,2516.85,38471.85,2026-03-02T18:47:35.244096Z
208,46577,"Norman, Brown and Salinas",confirmed,EUR,6930.11,1386.02,8316.13,2026-03-02T18:47:35.316259Z
209,83012,"Johnson, Sheppard and Mitchell",confirmed,EUR,4473.24,894.65,5367.89,2026-03-02T18:47:35.334468Z
210,60423,Becker Ltd,created,USD,15181.0,1062.67,16243.67,2026-03-02T18:47:35.356387Z
211,84042,Yang-Smith,invoiced,EUR,9244.82,1848.96,11093.78,2026-03-02T18:47:35.374007Z
212,61938,"Haas, Thornton and Brown",invoiced,EUR,27063.2,5412.64,32475.84,2026-03-02T18:47:35.418273Z
213,29942,Robinson-Smith,invoiced,GBP,1.49,0.3,1.79,2026-03-02T18:47:35.466108Z
214,77801,"Kelly, Evans and Fernandez",confirmed,USD,870.87,60.96,931.83,2026-03-02T18:47:36.524240Z
215,15773,"Ellison, Garcia and Mitchell",paid,GBP,986.0,197.2,1183.2,2026-03-02T18:47:35.390778Z
216,37223,"Lopez, Castillo and Smith",confirmed,GBP,793.36,158.67,952.03,2026-03-02T18:47:35.461719Z
217,47569,Lopez Ltd,created,USD,1.22,0.09,1.31,2026-03-02T18:47:36.315744Z
218,49369,Rodriguez PLC,paid,EUR,4256.0,851.2,5107.2,2026-03-02T18:47:36.295721Z
219,93549,Rose-Murphy,invoiced,USD,42712.04,2989.84,45701.88,2026-03-02T18:47:36.389946Z
220,40540,"Wright, Hill and Morales",invoiced,GBP,12809.0,2561.8,15370.8,2026-03-02T18:47:36.343612Z
221,42173,Davis-Ramirez,confirmed,EUR,0.55,0.11,0.66,2026-03-02T18:47:36.248128Z
222,24142,Campbell Inc,invoiced,EUR,24754.6,4950.92,29705.52,2026-03-02T18:47:36.291369Z
223,53529,Gonzales-Myers,invoiced,USD,6369.52,445.87,6815.39,2026-03-02T18:47:36.367661Z
224,18360,Marshall PLC,invoiced,USD,7798.14,545.87,8344.01,2026-03-02T18:47:36.370439Z
225,41389,Luna PLC,paid,GBP,28764.31,5752.86,34517.17,2026-03-02T18:47:36.230997Z
226,73445,Gates PLC,confirmed,USD,1.23,0.09,1.32,2026-03-02T18:47:36.349178Z
227,62305,"Wood, Griffin and Allen",paid,EUR,99.0,19.8,118.8,2026-03-02T18:47:36.330179Z
228,96057,Berry and Sons,invoiced,GBP,4653.0,930.6,5583.6,2026-03-02T18:47:36.402478Z
229,79311,Perez PLC,confirmed,GBP,4159.35,831.87,4991.22,2026-03-02T18:47:36.454424Z
230,31210,Bryan-Hardy,confirmed,GBP,0.08,0.02,0.1,2026-03-02T18:47:36.462121Z
231,12856,Carson LLC,paid,GBP,6576.0,1315.2,7891.2,2026-03-02T18:47:36.405881Z
232,46833,Hall Inc,invoiced,EUR,0.21,0.04,0.25,2026-03-02T18:47:36.423348Z
233,99453,"Thompson, Hall and Horn",invoiced,USD,8049.12,563.44,8612.56,2026-03-02T18:47:36.466536Z
234,54807,Glenn-Hodge,invoiced,GBP,2.24,0.45,2.69,2026-03-02T18:47:38.705835Z
235,55458,"Robertson, Johnson and Jones",confirmed,EUR,1287.0,257.4,1544.4,2026-03-02T18:47:37.253559Z
236,98243,Simpson-Oconnor,paid,GBP,0.62,0.12,0.74,2026-03-02T18:47:38.444417Z
237,91595,Stein-Cordova,confirmed,EUR,435.24,87.05,522.29,2026-03-02T18:47:37.311313Z
238,58644,Graham Ltd,invoiced,GBP,792.0,158.4,950.4,2026-03-02T18:47:37.321166Z
239,25560,Carey and Sons,paid,EUR,2178.0,435.6,2613.6,2026-03-02T18:47:37.315665Z
240,90793,Johnson LLC,invoiced,EUR,147.42,29.48,176.9,2026-03-02T18:47:37.326110Z
241,79960,Gomez Ltd,confirmed,GBP,990.0,198.0,1188.0,2026-03-02T18:47:37.285922Z
242,53955,Crawford PLC,confirmed,EUR,3075.24,615.05,3690.29,2026-03-02T18:47:37.229431Z
243,78901,Coleman-Hayes,paid,GBP,57528.24,11505.65,69033.89,2026-03-02T18:47:37.257321Z
244,99140,Reyes-Riley,confirmed,USD,0.6,0.04,0.64,2026-03-02T18:47:37.383451Z
245,26491,Ruiz-Hayes,created,EUR,1499.72,299.94,1799.66,2026-03-02T18:47:37.413606Z
246,17899,"Hughes, Kelly and Simon",invoiced,EUR,0.22,0.04,0.26,2026-03-02T18:47:37.362958Z
247,70064,Smith-Grimes,confirmed,EUR,8759.18,1751.84,10511.02,2026-03-02T18:47:37.436611Z
248,64518,"Howe, Woods and Harris",confirmed,EUR,11057.2,2211.44,13268.64,2026-03-02T18:47:38.566255Z
249,45532,"Gates, Ramirez and Harper",confirmed,USD,3.9,0.27,4.17,2026-03-02T18:47:37.409563Z
250,60797,Fitzpatrick-Hart,paid,EUR,19976.14,3995.23,23971.37,2026-03-02T18:47:37.433697Z
251,68298,"Reyes, Lane and Bryant",paid,USD,1334.0,93.38,1427.38,2026-03-02T18:47:37.478619Z
252,91512,Huber LLC,paid,EUR,2.24,0.45,2.69,2026-03-02T18:47:37.471396Z
253,80542,"James, Glenn and Delgado",paid,GBP,0.02,0.0,0.02,2026-03-02T18:47:38.313154Z
254,59126,"King, Stanley and Robinson",paid,EUR,24769.24,4953.85,29723.09,2026-03-02T18:47:38.278174Z
255,17248,Davidson-Pope,invoiced,EUR,5.75,1.15,6.9,2026-03-02T18:47:38.226526Z
256,74074,Reynolds-Brooks,created,GBP,0.2,0.04,0.24,2026-03-02T18:47:38.248937Z
257,51558,Garcia-Schmidt,confirmed,USD,4.87,0.34,5.21,2026-03-02T18:47:38.289923Z
258,95676,Moore PLC,confirmed,EUR,3.84,0.77,4.61,2026-03-02T18:47:38.262666Z
259,15185,"Davis, Carlson and Snyder",paid,EUR,0.18,0.04,0.22,2026-03-02T18:47:38.274073Z
260,37613,Hurley PLC,created,GBP,2922.98,584.6,3507.58,2026-03-02T18:47:39.515649Z
261,66804,Thompson Inc,invoiced,EUR,2.03,0.41,2.44,2026-03-02T18:47:38.396208Z
262,51051,"Ortiz, Cooper and Allison",invoiced,GBP,0.61,0.12,0.73,2026-03-02T18:47:38.332994Z
263,66027,Munoz-Waters,created,USD,0.3,0.02,0.32,2026-03-02T18:47:38.375936Z
264,91512,"Carter, Lee and Jackson",paid,GBP,377.0,75.4,452.4,2026-03-02T18:47:38.404289Z
265,61411,Calderon-Webb,paid,GBP,0.51,0.1,0.61,2026-03-02T18:47:38.401043Z
266,19148,"Maldonado, Garcia and Rojas",confirmed,EUR,9805.35,1961.07,11766.42,2026-03-02T18:47:38.459964Z
267,35910,Wallace LLC,created,EUR,0.33,0.07,0.4,2026-03-02T18:47:38.480815Z
268,80046,"Flores, Harrington and Kirby",created,GBP,13979.84,2795.97,16775.81,2026-03-02T18:47:38.499585Z
269,15227,Dyer PLC,invoiced,GBP,957.48,191.5,1148.98,2026-03-02T18:47:39.609624Z
270,33513,Li-Cross,invoiced,USD,19975.0,1398.25,21373.25,2026-03-02T18:47:38.542810Z
271,73382,"Kelly, Rhodes and Watson",paid,GBP,8683.4,1736.68,10420.08,2026-03-02T18:47:41.525723Z
272,72501,Brown-Rich,paid,EUR,23172.97,4634.59,27807.56,2026-03-02T18:47:39.270606Z
273,35173,"Schultz, Allen and Simon",created,USD,583.04,40.81,623.85,2026-03-02T18:47:39.315581Z
274,28937,Wood-Williams,confirmed,USD,2195.8,153.71,2349.51,2026-03-02T18:47:39.298070Z
275,26271,"Blair, Grant and Flores",confirmed,USD,199.37,13.96,213.33,2026-03-02T18:47:39.295763Z
276,58881,Gonzalez LLC,created,USD,0.46,0.03,0.49,2026-03-02T18:47:39.275370Z
277,21686,Robinson Inc,invoiced,USD,2189.87,153.29,2343.16,2026-03-02T18:47:39.308708Z
278,48473,Ramirez-Washington,created,EUR,33558.47,6711.69,40270.16,2026-03-02T18:47:40.374322Z
279,63797,Cobb-Williams,created,USD,493.0,34.51,527.51,2026-03-02T18:47:39.369005Z
280,50577,Rios-Merritt,created,EUR,1194.07,238.81,1432.88,2026-03-02T18:47:39.422889Z
281,12601,King-Griffin,invoiced,USD,0.31,0.02,0.33,2026-03-02T18:47:39.396012Z
282,98043,Case Group,created,EUR,1422.84,284.57,1707.41,2026-03-02T18:47:39.438216Z
283,12727,York LLC,invoiced,USD,1.03,0.07,1.1,2026-03-02T18:47:39.392952Z
284,14302,Wood-Berg,paid,EUR,12623.0,2524.6,15147.6,2026-03-02T18:47:40.564524Z
285,86127,Hughes-Willis,invoiced,USD,23850.21,1669.51,25519.72,2026-03-02T18:47:39.510795Z
286,74462,Stewart Inc,created,EUR,25669.05,5133.81,30802.86,2026-03-02T18:47:39.543670Z
287,82875,Edwards Inc,paid,GBP,6534.0,1306.8,7840.8,2026-03-02T18:47:40.653305Z
288,46865,Norton-Castillo,invoiced,GBP,2587.0,517.4,3104.4,2026-03-02T18:47:39.517868Z
289,45682,"Lopez, Ramos and Logan",paid,USD,3184.0,222.88,3406.88,2026-03-02T18:47:40.242359Z
290,81132,Beard-Watkins,created,USD,0.55,0.04,0.59,2026-03-02T18:47:40.245985Z
291,96302,Gross-Rowland,confirmed,GBP,0.13,0.03,0.16,2026-03-02T18:47:40.248543Z
292,28971,Hernandez-Hood,created,EUR,27166.0,5433.2,32599.2,2026-03-02T18:47:40.262789Z
293,72597,Wilson-Mason,created,GBP,4.0,0.8,4.8,2026-03-02T18:47:40.260386Z
294,33077,Washington and Sons,created,GBP,15570.8,3114.16,18684.96,2026-03-02T18:47:40.282562Z
295,46984,"Harrison, French and Matthews",invoiced,USD,1.52,0.11,1.63,2026-03-02T18:47:40.347954Z
296,19576,Watson-Shelton,invoiced,USD,38735.0,2711.45,41446.45,2026-03-02T18:47:40.411722Z
297,78870,Goodman-Bird,invoiced,GBP,58.26,11.65,69.91,2026-03-02T18:47:40.334930Z
298,36975,"Holland, White and White",invoiced,USD,31512.2,2205.85,33718.05,2026-03-02T18:47:40.343866Z
299,57720,"Cortez, Smith and Kline",invoiced,EUR,49539.64,9907.93,59447.57,2026-03-02T18:47:40.331757Z
300,88341,Cooper-Smith,paid,USD,31960.0,2237.2,34197.2,2026-03-02T18:47:40.436938Z
301,62263,"Lloyd, Snyder and Stevens",confirmed,EUR,23171.0,4634.2,27805.2,2026-03-02T18:47:40.474531Z
302,83071,"Oneill, Russell and Ayers",invoiced,GBP,1537.24,307.45,1844.69,2026-03-02T18:47:40.489075Z
303,14149,Novak and Sons,created,GBP,2786.0,557.2,3343.2,2026-03-02T18:47:40.420294Z
304,27547,Simmons Group,created,USD,0.13,0.01,0.14,2026-03-02T18:47:40.416778Z
305,33932,"Knight, Welch and Campbell",paid,GBP,16963.0,3392.6,20355.6,2026-03-02T18:47:40.537975Z
306,66339,"French, Ramirez and Hanson",invoiced,GBP,2587.41,517.48,3104.89,2026-03-02T18:47:40.550929Z
307,93588,"Turner, Schwartz and Meyer",paid,EUR,1508.0,301.6,1809.6,2026-03-02T18:47:41.278505Z
308,34560,Rasmussen LLC,invoiced,GBP,754.1,150.82,904.92,2026-03-02T18:47:41.230489Z
309,18316,Smith-Gonzalez,invoiced,EUR,40704.0,8140.8,48844.8,2026-03-02T18:47:41.269108Z
310,82227,Lopez LLC,paid,GBP,4060.56,812.11,4872.67,2026-03-02T18:47:41.246392Z
311,44670,Hardy-Mata,invoiced,USD,4.0,0.28,4.28,2026-03-02T18:47:41.275005Z
312,95247,Douglas Inc,created,GBP,1188.0,237.6,1425.6,2026-03-02T18:47:42.380402Z
313,84003,Montes Group,paid,GBP,1.23,0.25,1.48,2026-03-02T18:47:41.271857Z
314,35746,Rodriguez-Smith,paid,EUR,0.48,0.1,0.58,2026-03-02T18:47:42.349679Z
315,63734,"Gutierrez, Smith and Silva",created,GBP,28764.0,5752.8,34516.8,2026-03-02T18:47:41.224898Z
316,13457,Shepherd Inc,created,GBP,3.99,0.8,4.79,2026-03-02T18:47:41.359617Z
317,70581,Bush Group,paid,EUR,21446.12,4289.22,25735.34,2026-03-02T18:47:42.501520Z
318,95723,Gibson Group,invoiced,EUR,5258.0,1051.6,6309.6,2026-03-02T18:47:41.373668Z
319,33322,Mccormick PLC,confirmed,GBP,2378.08,475.62,2853.7,2026-03-02T18:47:42.495005Z
320,68396,"Soto, Kim and Morris",confirmed,EUR,35333.0,7066.6,42399.6,2026-03-02T18:47:41.386533Z
321,46105,Martinez-Hoffman,confirmed,USD,4333.0,303.31,4636.31,2026-03-02T18:47:41.415103Z
322,65034,Brown LLC,created,USD,1584.5,110.92,1695.42,2026-03-02T18:47:41.411007Z
323,24629,Dean Inc,invoiced,GBP,1.1,0.22,1.32,2026-03-02T18:47:41.486737Z
324,87344,Moran Ltd,invoiced,GBP,21853.0,4370.6,26223.6,2026-03-02T18:47:41.482165Z
325,82188,Elliott Ltd,confirmed,EUR,8159.09,1631.82,9790.91,2026-03-02T18:47:42.271537Z
326,23689,Parker-Ballard,paid,USD,21151.0,1480.57,22631.57,2026-03-02T18:47:42.268438Z
327,17714,"Wallace, Oconnor and Rodgers",paid,USD,2475.0,173.25,2648.25,2026-03-02T18:47:42.256356Z
328,94157,"Mullins, Owens and Webster",paid,USD,58.0,4.06,62.06,2026-03-02T18:47:42.294952Z
329,72362,Hunt-Walker,paid,EUR,4577.0,915.4,5492.4,2026-03-02T18:47:42.287155Z
330,90903,Michael Group,paid,GBP,2.92,0.58,3.5,2026-03-02T18:47:42.252821Z
331,52089,Wright Ltd,invoiced,USD,585.57,40.99,626.56,2026-03-02T18:47:43.454550Z
332,42615,"Rice, Riley and Haynes",invoiced,USD,4092.0,286.44,4378.44,2026-03-02T18:47:42.389068Z
333,82723,Gomez-Bird,paid,EUR,2574.0,514.8,3088.8,2026-03-02T18:47:42.346594Z
334,42304,"Hogan, James and Anderson",created,GBP,1287.0,257.4,1544.4,2026-03-02T18:47:43.522225Z
335,28946,Ingram PLC,created,USD,0.67,0.05,0.72,2026-03-02T18:47:42.397881Z
336,10829,"Ferguson, Lee and Weaver",invoiced,USD,5174.0,362.18,5536.18,2026-03-02T18:47:42.435435Z
337,36458,Combs-Ward,created,EUR,3515.0,703.0,4218.0,2026-03-02T18:47:42.498759Z
338,24356,Ramirez-Crawford,paid,USD,7960.0,557.2,8517.2,2026-03-02T18:47:42.456550Z
339,28512,"Martinez, Johnson and Mccoy",created,EUR,698.0,139.6,837.6,2026-03-02T18:47:42.543348Z
340,62428,"Davis, Rice and Marsh",paid,EUR,12784.39,2556.88,15341.27,2026-03-02T18:47:42.546568Z
341,86324,Bradley-Hernandez,confirmed,USD,15181.0,1062.67,16243.67,2026-03-02T18:47:42.520364Z
342,25831,Silva Inc,invoiced,USD,581.8,40.73,622.53,2026-03-02T18:47:42.569550Z
343,34582,Hodges-Glass,paid,GBP,0.62,0.12,0.74,2026-03-02T18:47:43.292971Z
344,59319,Garcia-Wu,created,EUR,4554.11,910.82,5464.93,2026-03-02T18:47:43.260527Z
345,47375,Martin Group,confirmed,EUR,2970.0,594.0,3564.0,2026-03-02T18:47:43.252575Z
346,83401,Franklin PLC,invoiced,USD,0.98,0.07,1.05,2026-03-02T18:47:44.327864Z
347,55907,"Harrison, Oneal and Simpson",invoiced,USD,1.94,0.14,2.08,2026-03-02T18:47:45.499277Z
348,51748,Clark Group,invoiced,USD,7763.4,543.44,8306.84,2026-03-02T18:47:43.304603Z
349,63714,"Patterson, Mcgee and Elliott",paid,USD,2475.0,173.25,2648.25,2026-03-02T18:47:44.394444Z
350,57567,Morales Ltd,created,EUR,0.8,0.16,0.96,2026-03-02T18:47:43.236229Z
351,89968,"Reed, Chandler and Flores",invoiced,GBP,8557.0,1711.4,10268.4,2026-03-02T18:47:43.433995Z
352,47270,Harmon Ltd,invoiced,GBP,30362.0,6072.4,36434.4,2026-03-02T18:47:43.392089Z
353,22786,Bennett Ltd,created,EUR,39950.58,7990.12,47940.7,2026-03-02T18:47:43.449122Z
354,38033,Miller Inc,created,USD,1.15,0.08,1.23,2026-03-02T18:47:43.399778Z
355,30861,Jensen LLC,confirmed,EUR,1.5,0.3,1.8,2026-03-02T18:47:43.396972Z
356,95184,Ruiz LLC,invoiced,GBP,2178.0,435.6,2613.6,2026-03-02T18:47:43.482655Z
357,34122,Boyle-Brown,invoiced,EUR,1884.36,376.87,2261.23,2026-03-02T18:47:43.547639Z
358,41411,Myers LLC,created,GBP,0.48,0.1,0.58,2026-03-02T18:47:43.511449Z
359,22195,"Powell, Henry and Elliott",invoiced,EUR,4975.0,995.0,5970.0,2026-03-02T18:47:44.635442Z
360,40225,Sanchez-Stanley,created,GBP,5771.02,1154.2,6925.22,2026-03-02T18:47:43.573623Z
361,90661,Curry Group,invoiced,EUR,8638.0,1727.6,10365.6,2026-03-02T18:47:44.309912Z
362,78755,"Bishop, Diaz and Sanchez",invoiced,GBP,51935.0,10387.0,62322.0,2026-03-02T18:47:44.278527Z
363,32289,Herrera LLC,paid,EUR,0.53,0.11,0.64,2026-03-02T18:47:44.233753Z
364,10327,Jimenez Inc,paid,EUR,13123.0,2624.6,15747.6,2026-03-02T18:47:44.281847Z
365,98687,Bradshaw-Hines,paid,USD,6636.92,464.58,7101.5,2026-03-02T18:47:44.230421Z
366,19034,Sharp-Martinez,created,GBP,1592.08,318.42,1910.5,2026-03-02T18:47:44.245609Z
367,14523,"Holt, Freeman and Mccullough",paid,USD,13009.0,910.63,13919.63,2026-03-02T18:47:44.324613Z
368,72485,"Williams, Gonzalez and Fischer",paid,GBP,8493.04,1698.61,10191.65,2026-03-02T18:47:44.344660Z
369,58022,Fry-Allen,paid,EUR,23551.0,4710.2,28261.2,2026-03-02T18:47:45.487375Z
370,26287,"Greer, Carrillo and Vargas",paid,USD,990.0,69.3,1059.3,2026-03-02T18:47:44.403589Z
371,50722,"Perry, Carr and Schmitt",paid,EUR,0.34,0.07,0.41,2026-03-02T18:47:44.388681Z
372,25363,"Zavala, Mcgee and Allen",confirmed,USD,2970.0,207.9,3177.9,2026-03-02T18:47:45.590711Z
373,14461,Khan Ltd,created,GBP,4.01,0.8,4.81,2026-03-02T18:47:44.442215Z
374,53465,Higgins and Sons,invoiced,USD,6039.34,422.75,6462.09,2026-03-02T18:47:44.444648Z
375,40633,Wright-Kim,invoiced,GBP,11988.63,2397.73,14386.36,2026-03-02T18:47:44.409186Z
376,98117,"Cortez, Ruiz and Martin",invoiced,GBP,5467.0,1093.4,6560.4,2026-03-02T18:47:44.546182Z
377,41543,"Davis, Oconnell and Miller",created,EUR,5763.0,1152.6,6915.6,2026-03-02T18:47:44.475345Z
378,12979,Erickson-Haynes,created,GBP,39153.72,7830.74,46984.46,2026-03-02T18:47:44.483888Z
379,14090,Ryan LLC,confirmed,USD,2587.0,181.09,2768.09,2026-03-02T18:47:45.317902Z
380,27390,Casey-Russell,paid,USD,34358.6,2405.1,36763.7,2026-03-02T18:47:45.313539Z
381,72834,Beltran-Johnson,paid,USD,5941.08,415.88,6356.96,2026-03-02T18:47:45.253639Z
382,17430,Taylor-Perez,paid,GBP,8257.0,1651.4,9908.4,2026-03-02T18:47:45.276261Z
383,77658,"Powell, Hall and Rodriguez",created,GBP,23533.0,4706.6,28239.6,2026-03-02T18:47:45.266152Z
384,94478,Williams-Patel,paid,USD,551.0,38.57,589.57,2026-03-02T18:47:47.565982Z
385,18517,Foster-Parker,created,EUR,2599.0,519.8,3118.8,2026-03-02T18:47:45.289480Z
386,91521,Watts-Herrera,invoiced,EUR,3762.0,752.4,4514.4,2026-03-02T18:47:45.403903Z
387,67697,Williams and Sons,confirmed,EUR,2398.1,479.62,2877.72,2026-03-02T18:47:45.369512Z
388,58341,Cox-Meyers,created,EUR,793.8,158.76,952.56,2026-03-02T18:47:45.416828Z
389,97671,"Bell, Bauer and Stephens",invoiced,USD,11197.44,783.82,11981.26,2026-03-02T18:47:45.398630Z
390,84367,"Davis, Hicks and Haas",confirmed,EUR,8308.09,1661.62,9969.71,2026-03-02T18:47:45.460456Z
391,74594,Haley Ltd,paid,GBP,4.5,0.9,5.4,2026-03-02T18:47:45.419597Z
392,90645,Stevens-Trujillo,confirmed,GBP,0.05,0.01,0.06,2026-03-02T18:47:45.475457Z
393,59007,Jackson-Smith,invoiced,USD,787.39,55.12,842.51,2026-03-02T18:47:45.484672Z
394,41275,Bell and Sons,created,USD,3.16,0.22,3.38,2026-03-02T18:47:45.545412Z
395,58585,Smith-Martinez,invoiced,EUR,4597.07,919.41,5516.48,2026-03-02T18:47:45.559095Z
396,16615,Rios-Hawkins,invoiced,USD,14958.99,1047.13,16006.12,2026-03-02T18:47:45.522343Z
397,25820,Foster Ltd,confirmed,GBP,1392.0,278.4,1670.4,2026-03-02T18:47:46.284761Z
398,63151,Young-West,confirmed,GBP,7130.96,1426.19,8557.15,2026-03-02T18:47:46.303582Z
399,14617,Dawson Inc,paid,EUR,4272.21,854.44,5126.65,2026-03-02T18:47:46.308192Z
400,50329,"King, Hess and Knight",paid,EUR,0.9,0.18,1.08,2026-03-02T18:47:46.242744Z
401,75232,Patterson LLC,created,EUR,4852.84,970.57,5823.41,2026-03-02T18:47:46.228110Z
402,74180,Benson Group,invoiced,USD,2552.0,178.64,2730.64,2026-03-02T18:47:46.251975Z
403,42721,"Peterson, Mueller and Hurst",invoiced,EUR,0.08,0.02,0.1,2026-03-02T18:47:47.445626Z
404,21461,Macdonald-Holmes,invoiced,EUR,0.61,0.12,0.73,2026-03-02T18:47:46.236401Z
405,15705,Coffey Ltd,invoiced,USD,4489.0,314.23,4803.23,2026-03-02T18:47:46.281701Z
406,65183,Bowers-Johnston,invoiced,USD,6.51,0.46,6.97,2026-03-02T18:47:46.368412Z
407,96279,Calderon LLC,confirmed,GBP,4158.0,831.6,4989.6,2026-03-02T18:47:46.358156Z
408,67726,Mcmahon-Young,created,USD,0.63,0.04,0.67,2026-03-02T18:47:46.407264Z
409,77713,"Mendoza, Dunn and Barnes",paid,USD,667.0,46.69,713.69,2026-03-02T18:47:46.319737Z
410,29278,"Blanchard, Smith and Murphy",confirmed,EUR,29563.7,5912.74,35476.44,2026-03-02T18:47:46.354441Z
411,38374,Murphy PLC,confirmed,GBP,3564.0,712.8,4276.8,2026-03-02T18:47:46.437674Z
412,47681,"Mccormick, Rodriguez and Gonzalez",created,EUR,1404.13,280.83,1684.96,2026-03-02T18:47:46.413637Z
413,93640,White-Dunn,confirmed,USD,6226.51,435.86,6662.37,2026-03-02T18:47:46.434262Z
414,65363,Serrano-Lynch,confirmed,USD,1568.0,109.76,1677.76,2026-03-02T18:47:46.410978Z
415,54461,Hogan and Sons,paid,USD,21574.2,1510.19,23084.39,2026-03-02T18:47:47.303507Z
416,43238,Porter PLC,paid,EUR,8789.97,1757.99,10547.96,2026-03-02T18:47:47.268923Z
417,88315,"Miller, Garner and Mitchell",invoiced,EUR,0.36,0.07,0.43,2026-03-02T18:47:47.321280Z
418,52282,Rodriguez-Thomas,confirmed,USD,203.0,14.21,217.21,2026-03-02T18:47:47.326807Z
419,91827,"Sharp, Anderson and Campbell",paid,EUR,4852.84,970.57,5823.41,2026-03-02T18:47:48.473305Z
420,13452,"Harrington, Nelson and Davis",created,USD,0.18,0.01,0.19,2026-03-02T18:47:47.312790Z
421,95778,"Carr, Glenn and Snyder",confirmed,EUR,0.74,0.15,0.89,2026-03-02T18:47:47.231005Z
422,60587,Smith-Bonilla,confirmed,USD,9727.0,680.89,10407.89,2026-03-02T18:47:47.307113Z
423,52338,Fernandez Ltd,paid,EUR,27166.0,5433.2,32599.2,2026-03-02T18:47:47.362026Z
424,83607,Pham-Robbins,paid,USD,10139.69,709.78,10849.47,2026-03-02T18:47:47.373652Z
425,64921,Jackson Inc,paid,EUR,3.36,0.67,4.03,2026-03-02T18:47:47.419885Z
426,31409,Cross-Bell,paid,EUR,595.04,119.01,714.05,2026-03-02T18:47:47.392834Z
427,31452,"Ochoa, Pham and Williams",confirmed,EUR,0.98,0.2,1.18,2026-03-02T18:47:47.431069Z
428,43411,Schmidt Inc,created,USD,1196.44,83.75,1280.19,2026-03-02T18:47:48.587856Z
429,87923,Arellano LLC,paid,USD,1.1,0.08,1.18,2026-03-02T18:47:47.459457Z
430,45644,"Taylor, Moore and Lewis",confirmed,GBP,8790.09,1758.02,10548.11,2026-03-02T18:47:47.488202Z
431,48325,Middleton Inc,invoiced,EUR,1.87,0.37,2.24,2026-03-02T18:47:47.530306Z
432,86472,"Beck, Brown and Trujillo",confirmed,USD,36986.0,2589.02,39575.02,2026-03-02T18:47:47.525833Z
433,36100,"Crawford, Williams and Montgomery",invoiced,USD,4976.08,348.33,5324.41,2026-03-02T18:47:48.267156Z
434,57430,Meyer Group,confirmed,EUR,27513.0,5502.6,33015.6,2026-03-02T18:47:49.344644Z
435,35269,"Tucker, Collins and Cunningham",paid,GBP,3255.07,651.01,3906.08,2026-03-02T18:47:48.315751Z
436,60098,Osborne-Perez,paid,GBP,21739.0,4347.8,26086.8,2026-03-02T18:47:48.277172Z
437,79583,Garcia-Johnson,created,USD,555.29,38.87,594.16,2026-03-02T18:47:48.301774Z
438,37270,"Johnston, Grimes and Yang",paid,GBP,1.64,0.33,1.97,2026-03-02T18:47:48.304843Z
439,62929,Collins-Nelson,confirmed,USD,1.72,0.12,1.84,2026-03-02T18:47:48.257143Z
440,26286,Flynn LLC,paid,USD,1.78,0.12,1.9,2026-03-02T18:47:48.245709Z
441,33301,Benson-Austin,paid,GBP,8941.0,1788.2,10729.2,2026-03-02T18:47:48.387803Z
442,58025,Bishop-Delacruz,created,EUR,5327.0,1065.4,6392.4,2026-03-02T18:47:48.410819Z
443,26517,Fowler LLC,created,GBP,0.26,0.05,0.31,2026-03-02T18:47:48.428633Z
444,50487,Smith-Washington,paid,USD,4577.0,320.39,4897.39,2026-03-02T18:47:48.359350Z
445,82197,Wright-Long,confirmed,USD,398.57,27.9,426.47,2026-03-02T18:47:48.417243Z
446,72514,"Fleming, Williamson and Lewis",confirmed,GBP,0.84,0.17,1.01,2026-03-02T18:47:48.393579Z
447,63873,"Fox, Harper and Jenkins",confirmed,GBP,0.57,0.11,0.68,2026-03-02T18:47:48.413807Z
448,46749,Wilson LLC,created,GBP,2587.62,517.52,3105.14,2026-03-02T18:47:48.504413Z
449,34967,Lee Group,created,USD,9552.83,668.7,10221.53,2026-03-02T18:47:48.549135Z
450,22627,Arroyo-Roberson,created,EUR,6070.12,1214.02,7284.14,2026-03-02T18:47:48.501769Z
451,15295,"Anderson, Navarro and Williams",paid,USD,6965.0,487.55,7452.55,2026-03-02T18:47:52.660213Z
452,54730,Douglas-Newton,invoiced,GBP,3383.0,676.6,4059.6,2026-03-02T18:47:49.309114Z
453,41075,Ferguson-Wade,invoiced,GBP,16779.0,3355.8,20134.8,2026-03-02T18:47:49.231603Z
454,49732,"Burgess, Pearson and Nguyen",invoiced,EUR,1.72,0.34,2.06,2026-03-02T18:47:49.234063Z
455,13281,Foley-Serrano,created,USD,2871.0,200.97,3071.97,2026-03-02T18:47:49.311492Z
456,68905,Graham-Bauer,created,GBP,34035.0,6807.0,40842.0,2026-03-02T18:47:49.262865Z
457,33936,Arnold-Stevens,invoiced,GBP,12615.0,2523.0,15138.0,2026-03-02T18:47:49.290460Z
458,19342,"Schmidt, Jones and Joyce",paid,GBP,11066.0,2213.2,13279.2,2026-03-02T18:47:49.277911Z
459,95081,"Hernandez, Abbott and Smith",created,EUR,264.24,52.85,317.09,2026-03-02T18:47:49.280715Z
460,49089,"Avila, Francis and Sanders",paid,GBP,4803.57,960.71,5764.28,2026-03-02T18:47:49.321901Z
461,51016,Hart PLC,paid,EUR,1424.68,284.94,1709.62,2026-03-02T18:47:49.335801Z
462,87683,"Jones, Cervantes and Hughes",created,USD,0.34,0.02,0.36,2026-03-02T18:47:49.338471Z
463,36722,Spencer-Duran,created,USD,580.71,40.65,621.36,2026-03-02T18:47:49.428536Z
464,45641,Kelley PLC,confirmed,USD,13585.38,950.98,14536.36,2026-03-02T18:47:49.385244Z
465,35123,Brown Ltd,created,GBP,7962.54,1592.51,9555.05,2026-03-02T18:47:49.451352Z
466,16921,Carter and Sons,invoiced,USD,2175.0,152.25,2327.25,2026-03-02T18:47:50.571583Z
467,43092,Powell-Johnson,paid,EUR,8359.44,1671.89,10031.33,2026-03-02T18:47:49.413738Z
468,36863,Brown-Davis,confirmed,EUR,667.32,133.46,800.78,2026-03-02T18:47:49.431093Z
469,44804,Wade-Butler,created,EUR,1103.49,220.7,1324.19,2026-03-02T18:47:50.293952Z
470,15409,"Reed, Anderson and Nolan",created,USD,0.12,0.01,0.13,2026-03-02T18:47:50.235928Z
471,98857,Rios Ltd,paid,USD,1.61,0.11,1.72,2026-03-02T18:47:50.283580Z
472,30264,Mcneil Group,created,USD,0.7,0.05,0.75,2026-03-02T18:47:50.231460Z
473,54083,Brown-Watson,invoiced,USD,3184.03,222.88,3406.91,2026-03-02T18:47:50.306962Z
474,19125,Russell and Sons,invoiced,EUR,4.18,0.84,5.02,2026-03-02T18:47:50.356862Z
475,18497,Lara PLC,paid,GBP,261.0,52.2,313.2,2026-03-02T18:47:50.238961Z
476,75268,"Vargas, Maynard and Larson",confirmed,GBP,990.34,198.07,1188.41,2026-03-02T18:47:50.359992Z
477,90828,Villanueva-Turner,confirmed,USD,599.52,41.97,641.49,2026-03-02T18:47:50.380702Z
478,52840,Wilson Inc,invoiced,USD,1598.18,111.87,1710.05,2026-03-02T18:47:50.383403Z
479,64280,"Rice, Rice and Golden",invoiced,GBP,2.8,0.56,3.36,2026-03-02T18:47:50.321342Z
480,61491,"Sweeney, Carter and Beck",confirmed,GBP,1.84,0.37,2.21,2026-03-02T18:47:50.363208Z
481,98865,"Kennedy, Coleman and Taylor",invoiced,GBP,5542.0,1108.4,6650.4,2026-03-02T18:47:50.366784Z
482,78301,"Turner, Butler and Meyers",invoiced,EUR,1450.0,290.0,1740.0,2026-03-02T18:47:50.387912Z
483,79429,"Morton, Edwards and Miller",invoiced,EUR,2.05,0.41,2.46,2026-03-02T18:47:50.393836Z
484,84960,Ramos Inc,invoiced,USD,9452.0,661.64,10113.64,2026-03-02T18:47:50.488292Z
485,28343,Wolf Group,confirmed,GBP,1.75,0.35,2.1,2026-03-02T18:47:50.442820Z
486,32601,Burns and Sons,created,EUR,24769.0,4953.8,29722.8,2026-03-02T18:47:50.503605Z
487,89028,Edwards-Donovan,paid,GBP,102.68,20.54,123.22,2026-03-02T18:47:51.241941Z
488,24700,"Swanson, Koch and Fox",confirmed,EUR,0.34,0.07,0.41,2026-03-02T18:47:51.297631Z
489,33551,"Reynolds, Beard and Hood",paid,USD,16167.0,1131.69,17298.69,2026-03-02T18:47:51.317410Z
490,72063,"Wells, Hansen and Bond",created,GBP,35156.07,7031.21,42187.28,2026-03-02T18:47:51.292972Z
491,74960,Ruiz-Hines,paid,EUR,0.15,0.03,0.18,2026-03-02T18:47:51.307368Z
492,90694,Berg LLC,paid,GBP,3728.0,745.6,4473.6,2026-03-02T18:47:51.288861Z
493,43064,"Blackburn, Singleton and Willis",invoiced,GBP,5743.33,1148.67,6892.0,2026-03-02T18:47:51.256774Z
494,92171,"Barker, Fields and Ware",created,EUR,902.6,180.52,1083.12,2026-03-02T18:47:51.300757Z
495,99725,Lopez PLC,created,GBP,5373.0,1074.6,6447.6,2026-03-02T18:47:51.312999Z
496,69175,Martinez-Bauer,paid,EUR,3.03,0.61,3.64,2026-03-02T18:47:51.348365Z
497,44368,"Bernard, Whitaker and Cook",created,USD,199.67,13.98,213.65,2026-03-02T18:47:51.443172Z
498,73183,Carr-Wright,confirmed,GBP,41336.0,8267.2,49603.2,2026-03-02T18:47:51.379310Z
499,24904,Christensen Group,confirmed,EUR,10081.16,2016.23,12097.39,2026-03-02T18:47:51.439384Z
500,70503,"Lane, Scott and Avila",created,GBP,5649.48,1129.9,6779.38,2026-03-02T18:47:51.383276Z
501,93810,Fuller-Allen,confirmed,EUR,1247.0,249.4,1496.4,2026-03-02T18:47:51.458728Z
502,76257,Jackson-Bell,paid,GBP,1044.73,208.95,1253.68,2026-03-02T18:47:51.398107Z
503,32408,Gomez and Sons,created,GBP,8955.9,1791.18,10747.08,2026-03-02T18:47:51.467388Z
504,70675,"Richardson, Smith and Franco",confirmed,GBP,3.97,0.79,4.76,2026-03-02T18:47:51.416062Z
505,29609,Richard-Ramirez,paid,EUR,2.44,0.49,2.93,2026-03-02T18:47:52.338303Z
506,74274,Reyes-Perry,created,USD,5.73,0.4,6.13,2026-03-02T18:47:52.324093Z
507,73197,"Johnston, Thomas and Rios",invoiced,GBP,35156.9,7031.38,42188.28,2026-03-02T18:47:52.341868Z
508,81017,"Barnes, Jones and Green",invoiced,EUR,41237.0,8247.4,49484.4,2026-03-02T18:47:53.379884Z
509,65116,Pineda Ltd,invoiced,GBP,15368.27,3073.65,18441.92,2026-03-02T18:47:52.271904Z
510,99729,"Mitchell, Barnes and Rodriguez",confirmed,EUR,4158.08,831.62,4989.7,2026-03-02T18:47:52.286411Z
511,24216,Martinez-Sanchez,paid,GBP,3.52,0.7,4.22,2026-03-02T18:47:53.416626Z
512,12488,Thomas-Preston,confirmed,USD,1.33,0.09,1.42,2026-03-02T18:47:52.299612Z
513,12157,Anderson PLC,invoiced,GBP,1287.0,257.4,1544.4,2026-03-02T18:47:53.476808Z
514,56943,Chen and Sons,paid,EUR,10516.06,2103.21,12619.27,2026-03-02T18:47:52.384425Z
515,31584,Frye-Hardin,invoiced,USD,5593.0,391.51,5984.51,2026-03-02T18:47:52.411962Z
516,41203,"Norton, Cunningham and Serrano",paid,USD,25144.07,1760.08,26904.15,2026-03-02T18:47:53.523312Z
517,66613,"Odom, Powell and Gonzalez",invoiced,EUR,39586.04,7917.21,47503.25,2026-03-02T18:47:52.392789Z
518,58720,"Kelly, Armstrong and Palmer",created,EUR,6567.36,1313.47,7880.83,2026-03-02T18:47:52.463691Z
519,89095,Johnson-Rivera,confirmed,EUR,0.15,0.03,0.18,2026-03-02T18:47:52.442872Z
520,11781,Huynh Group,created,GBP,3.36,0.67,4.03,2026-03-02T18:47:52.494957Z
521,23086,Garrison LLC,invoiced,GBP,17579.05,3515.81,21094.86,2026-03-02T18:47:52.486453Z
522,20045,Hughes PLC,created,USD,30363.52,2125.45,32488.97,2026-03-02T18:47:52.532053Z
523,99642,"Zuniga, Ballard and Bennett",confirmed,EUR,4357.12,871.42,5228.54,2026-03-02T18:47:53.294462Z
524,39531,Ray Group,paid,EUR,396.27,79.25,475.52,2026-03-02T18:47:54.361555Z
525,81511,Wells and Sons,confirmed,GBP,17359.0,3471.8,20830.8,2026-03-02T18:47:55.485536Z
526,30143,Lopez LLC,paid,GBP,5580.0,1116.0,6696.0,2026-03-02T18:47:53.276283Z
527,66844,Rhodes-Nunez,paid,USD,1.26,0.09,1.35,2026-03-02T18:47:53.282177Z
528,17434,"Torres, Salas and Freeman",invoiced,EUR,396.34,79.27,475.61,2026-03-02T18:47:53.273089Z
529,95212,Manning and Sons,confirmed,EUR,9589.15,1917.83,11506.98,2026-03-02T18:47:54.511108Z
530,53100,Francis PLC,paid,USD,23171.74,1622.02,24793.76,2026-03-02T18:47:54.601914Z
531,99491,Chaney Group,paid,USD,10267.0,718.69,10985.69,2026-03-02T18:47:54.599128Z
532,37483,"Montgomery, Davis and Freeman",invoiced,USD,14382.0,1006.74,15388.74,2026-03-02T18:47:53.424320Z
533,59493,Vazquez LLC,paid,GBP,31176.0,6235.2,37411.2,2026-03-02T18:47:53.447686Z
534,65351,"Gonzalez, Black and Wright",invoiced,USD,1363.21,95.42,1458.63,2026-03-02T18:47:53.550070Z
535,28451,Myers-Fitzpatrick,confirmed,GBP,0.39,0.08,0.47,2026-03-02T18:47:53.532555Z
536,35064,"Patel, Grimes and Smith",paid,USD,2178.0,152.46,2330.46,2026-03-02T18:47:53.535708Z
537,68224,Walker Group,confirmed,GBP,1044.0,208.8,1252.8,2026-03-02T18:47:53.627608Z
538,45497,Williams-Ross,created,EUR,1288.44,257.69,1546.13,2026-03-02T18:47:53.601819Z
539,48871,Potter Ltd,paid,EUR,39516.0,7903.2,47419.2,2026-03-02T18:47:53.631946Z
540,90368,"Barnett, Johnson and Flores",paid,GBP,2.47,0.49,2.96,2026-03-02T18:47:53.636975Z
541,57016,Mcdonald and Sons,paid,GBP,32858.06,6571.61,39429.67,2026-03-02T18:47:54.274669Z
542,72988,Martin and Sons,paid,GBP,10387.16,2077.43,12464.59,2026-03-02T18:47:54.225929Z
543,94141,Davis Ltd,invoiced,EUR,37554.19,7510.84,45065.03,2026-03-02T18:47:54.277954Z
544,97231,Rodriguez-Carr,invoiced,USD,7686.3,538.04,8224.34,2026-03-02T18:47:54.320029Z
545,38167,"Mcclain, Blackwell and Day",invoiced,USD,23809.0,1666.63,25475.63,2026-03-02T18:47:54.236173Z
546,11857,Sanders-English,confirmed,USD,4158.32,291.08,4449.4,2026-03-02T18:47:54.305455Z
547,15944,Warner LLC,paid,USD,39952.21,2796.65,42748.86,2026-03-02T18:47:54.378322Z
548,14428,Wagner and Sons,invoiced,USD,797.97,55.86,853.83,2026-03-02T18:47:54.414299Z
549,94868,Harrison Ltd,invoiced,USD,0.22,0.02,0.24,2026-03-02T18:47:54.372094Z
550,71858,Harris-Wood,created,GBP,464.0,92.8,556.8,2026-03-02T18:47:54.466050Z
551,77129,"Powers, Montoya and Smith",created,EUR,5261.0,1052.2,6313.2,2026-03-02T18:47:54.386794Z
552,12782,"Jones, Mason and Potter",invoiced,USD,27166.0,1901.62,29067.62,2026-03-02T18:47:54.441557Z
553,71845,Gibson Group,created,GBP,3961.15,792.23,4753.38,2026-03-02T18:47:54.486006Z
554,77550,Thompson-Ward,paid,USD,34414.0,2408.98,36822.98,2026-03-02T18:47:54.507306Z
555,35342,Martin-Hoffman,invoiced,GBP,3130.62,626.12,3756.74,2026-03-02T18:47:54.578545Z
556,71967,Lutz PLC,paid,EUR,14125.0,2825.0,16950.0,2026-03-02T18:47:54.546183Z
557,13232,"Garcia, Grant and Schroeder",created,EUR,931.12,186.22,1117.34,2026-03-02T18:47:54.594043Z
558,60674,Gardner-Stone,created,USD,35158.88,2461.12,37620.0,2026-03-02T18:47:54.596639Z
559,12034,"Mckee, Salinas and Riddle",created,EUR,15181.0,3036.2,18217.2,2026-03-02T18:47:55.279167Z
560,93682,Alvarez Group,invoiced,EUR,33558.88,6711.78,40270.66,2026-03-02T18:47:55.268666Z
561,87669,"Gonzalez, Castro and Gonzalez",confirmed,EUR,27166.0,5433.2,32599.2,2026-03-02T18:47:55.318016Z
562,58451,"Melton, Khan and Wilson",confirmed,EUR,2388.21,477.64,2865.85,2026-03-02T18:47:55.306299Z
563,78418,"Booth, Turner and Smith",invoiced,GBP,3169.56,633.91,3803.47,2026-03-02T18:47:55.311490Z
564,48184,Haynes Inc,confirmed,EUR,891.0,178.2,1069.2,2026-03-02T18:47:55.303237Z
565,93162,Lang-Downs,confirmed,EUR,2189.0,437.8,2626.8,2026-03-02T18:47:56.392285Z
566,73644,"Dorsey, Parker and Travis",confirmed,USD,3.8,0.27,4.07,2026-03-02T18:47:55.229915Z
567,28644,Alvarez-Boyer,paid,EUR,36935.6,7387.12,44322.72,2026-03-02T18:47:55.276159Z
568,23370,Medina Group,confirmed,USD,58.0,4.06,62.06,2026-03-02T18:47:58.617901Z
569,91155,"Brown, Brown and Baker",confirmed,GBP,435.42,87.08,522.5,2026-03-02T18:47:55.340460Z
570,19993,Smith Inc,confirmed,USD,33559.28,2349.15,35908.43,2026-03-02T18:47:55.436278Z
571,30002,Delacruz-Montgomery,paid,USD,3.22,0.23,3.45,2026-03-02T18:47:55.374460Z
572,37953,Stark-Hill,paid,EUR,0.2,0.04,0.24,2026-03-02T18:47:55.407304Z
573,95317,Bender-Brown,confirmed,USD,1.47,0.1,1.57,2026-03-02T18:47:55.433665Z
574,50791,"Dunn, Garcia and Hall",created,GBP,987.44,197.49,1184.93,2026-03-02T18:47:55.440459Z
575,49964,"Durham, Trujillo and Pennington",paid,EUR,2786.0,557.2,3343.2,2026-03-02T18:47:55.461090Z
576,87018,Gonzalez-Watkins,confirmed,USD,29918.0,2094.26,32012.26,2026-03-02T18:47:58.734498Z
577,61331,Miles-Peterson,invoiced,GBP,2.72,0.54,3.26,2026-03-02T18:47:56.252369Z
578,48042,Lambert Ltd,paid,GBP,1.31,0.26,1.57,2026-03-02T18:47:57.328362Z
579,51425,Colon-Bowen,confirmed,EUR,4257.82,851.56,5109.38,2026-03-02T18:47:56.281357Z
580,78639,"Phillips, Guerra and Faulkner",created,GBP,1785.52,357.1,2142.62,2026-03-02T18:47:58.555613Z
581,10906,Mitchell Group,paid,USD,2189.0,153.23,2342.23,2026-03-02T18:47:56.300537Z
582,36855,"Ewing, Randall and Greer",invoiced,GBP,754.0,150.8,904.8,2026-03-02T18:47:56.242843Z
583,80512,Roberts and Sons,confirmed,USD,21672.13,1517.05,23189.18,2026-03-02T18:47:56.245387Z
584,88071,"King, Jones and Phillips",created,USD,14551.0,1018.57,15569.57,2026-03-02T18:47:56.395966Z
585,18181,Cortez and Sons,invoiced,EUR,1073.18,214.64,1287.82,2026-03-02T18:47:56.399515Z
586,45869,Wolf PLC,invoiced,USD,1683.0,117.81,1800.81,2026-03-02T18:47:56.385667Z
587,52672,Pearson PLC,confirmed,GBP,580.0,116.0,696.0,2026-03-02T18:47:56.404084Z
588,62669,Robinson-Meadows,confirmed,GBP,118.23,23.65,141.88,2026-03-02T18:47:56.453791Z
589,25816,Schneider-Roberts,paid,EUR,56887.0,11377.4,68264.4,2026-03-02T18:47:56.548185Z
590,13291,Ryan Group,invoiced,USD,40844.04,2859.08,43703.12,2026-03-02T18:47:56.525642Z
591,81917,Hunter-Ramos,paid,EUR,928.0,185.6,1113.6,2026-03-02T18:47:56.489070Z
592,19519,Duffy-Martin,created,USD,0.14,0.01,0.15,2026-03-02T18:47:56.517665Z
593,51341,Cooper-Glover,created,EUR,0.32,0.06,0.38,2026-03-02T18:47:56.564412Z
594,26484,Vega-Lee,created,EUR,8756.88,1751.38,10508.26,2026-03-02T18:47:57.709516Z
595,56613,Day-Simon,created,GBP,0.34,0.07,0.41,2026-03-02T18:47:57.313226Z
596,62988,Pennington and Sons,invoiced,USD,0.7,0.05,0.75,2026-03-02T18:47:57.264625Z
597,23307,Scott Inc,confirmed,USD,23557.05,1648.99,25206.04,2026-03-02T18:47:57.309391Z
598,23038,"Quinn, Holmes and Conley",paid,GBP,0.11,0.02,0.13,2026-03-02T18:47:57.305701Z
599,14353,Martinez-Hamilton,confirmed,GBP,7365.29,1473.06,8838.35,2026-03-02T18:47:57.276089Z
600,44680,Chen-Hernandez,paid,GBP,2772.0,554.4,3326.4,2026-03-02T18:47:57.356783Z
601,35253,"Bradley, Navarro and Rodriguez",invoiced,USD,2.32,0.16,2.48,2026-03-02T18:47:58.500108Z
602,62596,Cook Ltd,invoiced,USD,990.0,69.3,1059.3,2026-03-02T18:47:57.422784Z
603,31600,"Carroll, Griffin and Lane",confirmed,USD,1422.27,99.56,1521.83,2026-03-02T18:47:57.464930Z
604,18403,Pruitt LLC,confirmed,EUR,1015.0,203.0,1218.0,2026-03-02T18:47:57.416628Z
605,32573,"Morse, Payne and Garcia",created,USD,0.05,0.0,0.05,2026-03-02T18:47:57.473771Z
606,17392,Wade-Keller,confirmed,EUR,3564.0,712.8,4276.8,2026-03-02T18:47:57.503219Z
607,20252,Anderson Inc,paid,EUR,812.0,162.4,974.4,2026-03-02T18:47:57.573294Z
608,27212,"Dyer, Mccarthy and Washington",confirmed,EUR,14925.0,2985.0,17910.0,2026-03-02T18:47:57.490452Z
609,92562,"Parker, Thompson and Holland",created,EUR,34502.98,6900.6,41403.58,2026-03-02T18:47:57.612976Z
610,68303,Parker-Ewing,created,EUR,9353.32,1870.66,11223.98,2026-03-02T18:47:57.600049Z
611,81255,Soto-Ashley,invoiced,USD,5.4,0.38,5.78,2026-03-02T18:47:57.650838Z
612,39506,Ayala PLC,confirmed,EUR,8975.16,1795.03,10770.19,2026-03-02T18:47:57.602898Z
613,46338,French PLC,paid,EUR,0.28,0.06,0.34,2026-03-02T18:47:58.246917Z
614,43272,Morrison and Sons,created,USD,24347.02,1704.29,26051.31,2026-03-02T18:47:58.257003Z
615,40287,Jones-Douglas,confirmed,EUR,0.45,0.09,0.54,2026-03-02T18:47:58.259674Z
616,13497,"West, Montoya and White",confirmed,USD,23970.0,1677.9,25647.9,2026-03-02T18:47:58.242723Z
617,72079,Salas-Flores,invoiced,GBP,4794.0,958.8,5752.8,2026-03-02T18:47:58.234325Z
618,70260,"Vance, Alexander and Edwards",invoiced,USD,899.0,62.93,961.93,2026-03-02T18:47:59.359018Z
619,76690,Singh Group,created,EUR,3069.0,613.8,3682.8,2026-03-02T18:47:58.337593Z
620,39283,Romero-Franklin,created,GBP,26370.49,5274.1,31644.59,2026-03-02T18:47:58.359851Z
621,51195,"Hanson, Howard and Pitts",paid,GBP,8758.14,1751.63,10509.77,2026-03-02T18:47:58.382434Z
622,48745,Pollard Group,paid,GBP,1288.6,257.72,1546.32,2026-03-02T18:47:58.394094Z
623,15930,Jackson-Brown,confirmed,GBP,1.06,0.21,1.27,2026-03-02T18:47:59.485379Z
624,34798,Sanchez LLC,created,EUR,7564.24,1512.85,9077.09,2026-03-02T18:47:58.407966Z
625,63591,George-Velazquez,paid,GBP,3.97,0.79,4.76,2026-03-02T18:47:58.461168Z
626,57903,Walker Ltd,invoiced,USD,35439.12,2480.74,37919.86,2026-03-02T18:47:58.502954Z
627,42883,"Matthews, Martinez and Smith",created,GBP,6567.0,1313.4,7880.4,2026-03-02T18:47:58.551903Z
628,62088,Pierce Ltd,paid,USD,1.28,0.09,1.37,2026-03-02T18:47:58.494027Z
629,17075,Burns-Frost,invoiced,GBP,1334.0,266.8,1600.8,2026-03-02T18:47:58.533041Z
630,69668,Middleton Inc,invoiced,USD,4975.83,348.31,5324.14,2026-03-02T18:47:59.723057Z
631,47120,Bradford-Thompson,created,USD,26368.76,1845.81,28214.57,2026-03-02T18:47:59.232707Z
632,58125,Arroyo Inc,created,GBP,2079.0,415.8,2494.8,2026-03-02T18:47:59.286434Z
633,15828,Mooney-Monroe,created,USD,12784.0,894.88,13678.88,2026-03-02T18:47:59.312911Z
634,26742,Banks Inc,invoiced,USD,33338.0,2333.66,35671.66,2026-03-02T18:48:01.591882Z
635,55298,Strickland-Matthews,paid,USD,1486.2,104.03,1590.23,2026-03-02T18:47:59.278743Z
636,36188,Thompson PLC,confirmed,EUR,11186.14,2237.23,13423.37,2026-03-02T18:48:00.435173Z
637,74363,Adams and Sons,invoiced,GBP,0.41,0.08,0.49,2026-03-02T18:47:59.256664Z
638,92719,Kennedy LLC,invoiced,GBP,3995.0,799.0,4794.0,2026-03-02T18:47:59.328870Z
639,90515,Sutton-Thomas,paid,EUR,18377.0,3675.4,22052.4,2026-03-02T18:47:59.362862Z
640,12375,"Bryant, Brown and Wolf",paid,EUR,8358.24,1671.65,10029.89,2026-03-02T18:47:59.470020Z
641,60102,Silva Group,confirmed,EUR,1074.05,214.81,1288.86,2026-03-02T18:47:59.460306Z
642,96567,Grimes-Wagner,confirmed,GBP,290.0,58.0,348.0,2026-03-02T18:47:59.395702Z
643,82170,Gallagher-Peterson,confirmed,EUR,20545.29,4109.06,24654.35,2026-03-02T18:47:59.413838Z
644,73649,Reynolds-Rodriguez,paid,EUR,117.28,23.46,140.74,2026-03-02T18:48:00.530422Z
645,35842,"Hernandez, Parsons and Campbell",paid,USD,4966.0,347.62,5313.62,2026-03-02T18:47:59.501232Z
646,85061,"French, Simon and Gilbert",invoiced,GBP,3197.8,639.56,3837.36,2026-03-02T18:47:59.504001Z
647,96321,"Reed, Jones and Reyes",confirmed,EUR,39153.91,7830.78,46984.69,2026-03-02T18:47:59.524839Z
648,94148,Duncan PLC,invoiced,GBP,27736.0,5547.2,33283.2,2026-03-02T18:47:59.571446Z
649,57021,Kelly PLC,invoiced,GBP,3.92,0.78,4.7,2026-03-02T18:48:00.295114Z
650,51144,"Sutton, Beard and Cole",created,EUR,398.0,79.6,477.6,2026-03-02T18:48:00.313105Z
651,15724,"Anderson, Johnson and Holt",confirmed,USD,51727.0,3620.89,55347.89,2026-03-02T18:48:00.268145Z
652,28858,"Lane, Schmidt and Allison",paid,GBP,990.0,198.0,1188.0,2026-03-02T18:48:00.301948Z
653,74661,"Jackson, Camacho and Ramos",invoiced,EUR,11435.0,2287.0,13722.0,2026-03-02T18:48:00.264370Z
654,96487,"Cruz, Edwards and Fields",created,GBP,7935.0,1587.0,9522.0,2026-03-02T18:48:00.298176Z
655,14756,Mitchell Inc,invoiced,EUR,1450.0,290.0,1740.0,2026-03-02T18:48:00.258760Z
656,97242,"Jennings, Duncan and Williams",created,EUR,2.83,0.57,3.4,2026-03-02T18:48:00.413209Z
657,88005,Mccormick-Stewart,created,GBP,6958.11,1391.62,8349.73,2026-03-02T18:48:00.422626Z
658,30037,Brown-Stone,paid,GBP,26241.84,5248.37,31490.21,2026-03-02T18:48:00.416297Z
659,48296,Lee-Malone,created,USD,9136.44,639.55,9775.99,2026-03-02T18:48:00.425887Z
660,12114,"Davidson, Gray and Rivers",paid,GBP,3.92,0.78,4.7,2026-03-02T18:48:00.396204Z
661,32905,Collins-Miller,confirmed,GBP,2.37,0.47,2.84,2026-03-02T18:48:00.399107Z
662,93177,Johnson LLC,paid,EUR,24769.0,4953.8,29722.8,2026-03-02T18:48:00.393581Z
663,90547,Ramos Ltd,confirmed,EUR,51935.26,10387.05,62322.31,2026-03-02T18:48:00.504526Z
664,77433,Mahoney-Garner,created,USD,0.19,0.01,0.2,2026-03-02T18:48:00.518305Z
665,78321,"Perez, Wallace and Perez",invoiced,USD,32759.0,2293.13,35052.13,2026-03-02T18:48:00.564695Z
666,69784,Hamilton-Mason,invoiced,USD,986.96,69.09,1056.05,2026-03-02T18:48:00.483729Z
667,23523,"Hamilton, Butler and Collins",paid,GBP,2.61,0.52,3.13,2026-03-02T18:48:02.477048Z
668,70558,Smith and Sons,invoiced,USD,0.76,0.05,0.81,2026-03-02T18:48:01.326434Z
669,49566,"Meyer, Schneider and Turner",paid,USD,4776.0,334.32,5110.32,2026-03-02T18:48:01.252961Z
670,84047,Mclaughlin-Gutierrez,invoiced,EUR,11460.0,2292.0,13752.0,2026-03-02T18:48:01.318750Z
671,87003,Wall Ltd,paid,GBP,1683.94,336.79,2020.73,2026-03-02T18:48:01.309516Z
672,12332,Lewis and Sons,confirmed,GBP,13159.02,2631.8,15790.82,2026-03-02T18:48:01.299837Z
673,79432,Griffin-Lopez,created,EUR,495.0,99.0,594.0,2026-03-02T18:48:01.270261Z
674,63199,Miller and Sons,invoiced,USD,20774.15,1454.19,22228.34,2026-03-02T18:48:01.263170Z
675,37071,Sullivan-Avery,invoiced,GBP,19922.0,3984.4,23906.4,2026-03-02T18:48:01.241905Z
676,13936,"Dean, Francis and Kelley",confirmed,EUR,20776.72,4155.34,24932.06,2026-03-02T18:48:01.395392Z
677,92493,Schneider Ltd,invoiced,USD,1.11,0.08,1.19,2026-03-02T18:48:01.424225Z
678,24385,Smith-Fuentes,invoiced,USD,4776.0,334.32,5110.32,2026-03-02T18:48:01.418803Z
679,95617,"Schmidt, Hughes and Gomez",confirmed,USD,33558.0,2349.06,35907.06,2026-03-02T18:48:01.431673Z
680,90278,York-Anderson,confirmed,USD,0.14,0.01,0.15,2026-03-02T18:48:01.438326Z
681,64237,"Stewart, Lowery and Osborne",created,GBP,2555.0,511.0,3066.0,2026-03-02T18:48:01.465713Z
682,79329,Gonzalez Inc,paid,USD,2476.2,173.33,2649.53,2026-03-02T18:48:01.454782Z
683,62098,Ramirez and Sons,confirmed,GBP,3995.25,799.05,4794.3,2026-03-02T18:48:02.522689Z
684,60849,"Munoz, Galvan and Ryan",paid,USD,0.41,0.03,0.44,2026-03-02T18:48:01.475722Z
685,49003,Sanchez LLC,created,EUR,2.31,0.46,2.77,2026-03-02T18:48:02.328414Z
686,78881,"Carter, Carter and Franco",paid,GBP,696.0,139.2,835.2,2026-03-02T18:48:02.247603Z
687,63164,Carson Group,paid,EUR,7326.98,1465.4,8792.38,2026-03-02T18:48:02.335801Z
688,45107,Montes-Wright,created,USD,4776.9,334.38,5111.28,2026-03-02T18:48:02.341252Z
689,89752,Shields Inc,invoiced,GBP,3197.61,639.52,3837.13,2026-03-02T18:48:02.262823Z
690,52797,"Ford, White and Cortez",paid,GBP,7207.88,1441.58,8649.46,2026-03-02T18:48:02.273634Z
691,29672,Garcia LLC,created,GBP,792.0,158.4,950.4,2026-03-02T18:48:02.305489Z
692,13108,"Giles, Anderson and Gibson",paid,USD,11114.0,777.98,11891.98,2026-03-02T18:48:02.323430Z
693,73151,Perkins LLC,created,GBP,899.0,179.8,1078.8,2026-03-02T18:48:02.351647Z
694,71670,Townsend-Garcia,created,USD,1287.0,90.09,1377.09,2026-03-02T18:48:02.426112Z
695,53440,"Sanchez, Atkins and Kelley",confirmed,USD,0.11,0.01,0.12,2026-03-02T18:48:02.396316Z
696,31980,Hogan Ltd,created,GBP,21577.0,4315.4,25892.4,2026-03-02T18:48:02.445610Z
697,27928,"Brown, Mejia and Fuentes",invoiced,USD,1247.51,87.33,1334.84,2026-03-02T18:48:02.486407Z
698,57386,Rangel-Gonzales,invoiced,USD,1.53,0.11,1.64,2026-03-02T18:48:02.507975Z
699,58107,Pruitt Ltd,confirmed,GBP,4361.56,872.31,5233.87,2026-03-02T18:48:02.472880Z
700,31786,West and Sons,created,EUR,6437.08,1287.42,7724.5,2026-03-02T18:48:02.437016Z
701,46645,Garcia-Buchanan,created,EUR,2874.78,574.96,3449.74,2026-03-02T18:48:02.480392Z
702,24180,Johnson LLC,paid,GBP,7960.69,1592.14,9552.83,2026-03-02T18:48:02.504595Z
703,16570,Moore-Bonilla,created,GBP,2.48,0.5,2.98,2026-03-02T18:48:03.264956Z
704,91609,Robbins-Knight,invoiced,EUR,5250.0,1050.0,6300.0,2026-03-02T18:48:03.305037Z
705,44004,Phillips Ltd,created,GBP,0.24,0.05,0.29,2026-03-02T18:48:03.325715Z
706,91869,Alvarado-Moss,paid,EUR,5248.6,1049.72,6298.32,2026-03-02T18:48:04.394581Z
707,12312,"Chen, Rogers and Goodman",invoiced,GBP,580.04,116.01,696.05,2026-03-02T18:48:03.233070Z
708,26306,"Decker, Newman and Carter",invoiced,GBP,0.99,0.2,1.19,2026-03-02T18:48:03.307762Z
709,80013,"Adams, Wright and Jackson",invoiced,EUR,0.32,0.06,0.38,2026-03-02T18:48:03.279794Z
710,59883,"Hawkins, Vazquez and Gonzales",invoiced,USD,594.0,41.58,635.58,2026-03-02T18:48:03.249830Z
711,90576,Long-Coleman,created,USD,4975.0,348.25,5323.25,2026-03-02T18:48:03.245113Z
712,48209,"Porter, Miller and Simmons",confirmed,GBP,841.0,168.2,1009.2,2026-03-02T18:48:03.262620Z
713,61131,"Mitchell, Mendoza and Powell",paid,EUR,2277.0,455.4,2732.4,2026-03-02T18:48:03.363419Z
714,25347,Lynn Inc,created,EUR,1.15,0.23,1.38,2026-03-02T18:48:03.394430Z
715,77260,Hernandez and Sons,created,EUR,0.02,0.0,0.02,2026-03-02T18:48:03.385064Z
716,31440,Harmon-Wright,confirmed,EUR,4060.6,812.12,4872.72,2026-03-02T18:48:03.347253Z
717,41216,"Hernandez, Carrillo and Perez",paid,GBP,1598.0,319.6,1917.6,2026-03-02T18:48:03.419730Z
718,44113,"Walker, Washington and Anderson",invoiced,USD,319.0,22.33,341.33,2026-03-02T18:48:03.374896Z
719,46227,"Rodriguez, White and Campbell",confirmed,EUR,20774.0,4154.8,24928.8,2026-03-02T18:48:04.502850Z
720,30372,Adkins Group,invoiced,EUR,30758.56,6151.71,36910.27,2026-03-02T18:48:03.412852Z
721,30103,"Gutierrez, Hodges and Cooper",confirmed,EUR,31161.0,6232.2,37393.2,2026-03-02T18:48:04.344611Z
722,90006,"Hernandez, Torres and Patel",created,USD,35156.0,2460.92,37616.92,2026-03-02T18:48:04.237073Z
723,81119,Harris and Sons,confirmed,GBP,4653.0,930.6,5583.6,2026-03-02T18:48:04.391250Z
724,48074,Love Ltd,confirmed,USD,0.06,0.0,0.06,2026-03-02T18:48:05.456648Z
725,21207,Williams-Spencer,paid,EUR,26367.18,5273.44,31640.62,2026-03-02T18:48:04.347546Z
726,44515,Mullen-Ortiz,confirmed,USD,298.15,20.87,319.02,2026-03-02T18:48:05.409233Z
727,79196,Stone Ltd,created,GBP,14328.0,2865.6,17193.6,2026-03-02T18:48:04.313503Z
728,15323,Foley-Dawson,invoiced,EUR,12043.31,2408.66,14451.97,2026-03-02T18:48:04.321192Z
729,52896,Lane-Davis,paid,EUR,3267.07,653.41,3920.48,2026-03-02T18:48:04.317220Z
730,49749,Williamson PLC,created,USD,1867.0,130.69,1997.69,2026-03-02T18:48:04.471375Z
731,19096,"Herrera, Olsen and Garcia",confirmed,GBP,2.5,0.5,3.0,2026-03-02T18:48:04.437769Z
732,96803,Gates Ltd,paid,GBP,21573.0,4314.6,25887.6,2026-03-02T18:48:04.406672Z
733,64643,"Hayes, Saunders and Hernandez",paid,USD,29125.0,2038.75,31163.75,2026-03-02T18:48:04.422461Z
734,99142,French-Pennington,confirmed,GBP,2277.0,455.4,2732.4,2026-03-02T18:48:04.481042Z
735,65805,Johnson Group,invoiced,EUR,31042.68,6208.54,37251.22,2026-03-02T18:48:04.551805Z
736,43160,Jones Group,paid,GBP,1683.12,336.62,2019.74,2026-03-02T18:48:04.512128Z
737,10364,"Lopez, Lopez and Lee",paid,GBP,10548.35,2109.67,12658.02,2026-03-02T18:48:04.526852Z
738,31468,Scott and Sons,paid,GBP,3.12,0.62,3.74,2026-03-02T18:48:04.509333Z
739,35534,"Holt, Mendoza and Lopez",invoiced,USD,16484.0,1153.88,17637.88,2026-03-02T18:48:06.344021Z
740,85342,Wilkinson LLC,confirmed,USD,2178.0,152.46,2330.46,2026-03-02T18:48:06.466354Z
741,38945,"Hardy, Smith and Fisher",paid,GBP,0.32,0.06,0.38,2026-03-02T18:48:05.229802Z
742,64408,Taylor-Aguilar,paid,USD,1980.07,138.6,2118.67,2026-03-02T18:48:05.257919Z
743,47229,"Proctor, Johnson and Coleman",confirmed,EUR,4059.0,811.8,4870.8,2026-03-02T18:48:05.232965Z
744,50497,"Roth, Meyer and Guerra",invoiced,GBP,3169.04,633.81,3802.85,2026-03-02T18:48:05.246648Z
745,38912,"Contreras, Richardson and Whitehead",confirmed,USD,9282.23,649.76,9931.99,2026-03-02T18:48:05.254561Z
746,65547,"Moore, Gibbs and Cunningham",paid,USD,3.24,0.23,3.47,2026-03-02T18:48:05.266373Z
747,49128,"Wilson, West and Roberts",invoiced,GBP,6395.69,1279.14,7674.83,2026-03-02T18:48:05.325425Z
748,19369,Herring LLC,paid,GBP,13134.16,2626.83,15760.99,2026-03-02T18:48:05.313278Z
749,69757,"Davenport, Fischer and Jackson",paid,EUR,28764.0,5752.8,34516.8,2026-03-02T18:48:05.368426Z
750,52822,Taylor-Allen,created,EUR,37393.15,7478.63,44871.78,2026-03-02T18:48:05.328731Z
751,78157,Davies LLC,created,EUR,145.0,29.0,174.0,2026-03-02T18:48:05.363925Z
752,77690,"Johnson, Kent and Long",created,USD,0.04,0.0,0.04,2026-03-02T18:48:05.386995Z
753,57824,Hendricks LLC,invoiced,EUR,87.0,17.4,104.4,2026-03-02T18:48:05.411748Z
754,33511,"Jimenez, Taylor and Henson",confirmed,USD,4245.0,297.15,4542.15,2026-03-02T18:48:05.453165Z
755,78326,Cook-Brown,paid,GBP,1193.0,238.6,1431.6,2026-03-02T18:48:05.449140Z
756,70187,Williamson-Franklin,invoiced,EUR,4897.0,979.4,5876.4,2026-03-02T18:48:05.460493Z
757,61955,"Lopez, Lee and Cervantes",paid,EUR,3.44,0.69,4.13,2026-03-02T18:48:06.291131Z
758,53421,Cervantes PLC,confirmed,EUR,613.0,122.6,735.6,2026-03-02T18:48:06.259101Z
759,17739,"Jones, Velazquez and Logan",invoiced,GBP,5970.0,1194.0,7164.0,2026-03-02T18:48:07.385545Z
760,27586,Atkins Inc,created,GBP,0.01,0.0,0.01,2026-03-02T18:48:08.463565Z
761,39496,"Norman, Walker and Scott",confirmed,EUR,174.0,34.8,208.8,2026-03-02T18:48:06.241570Z
762,93240,Zavala-Price,created,USD,1046.59,73.26,1119.85,2026-03-02T18:48:06.294870Z
763,91371,Waller Inc,confirmed,USD,40523.21,2836.62,43359.83,2026-03-02T18:48:06.288403Z
764,97588,Jones Group,invoiced,GBP,785.8,157.16,942.96,2026-03-02T18:48:06.274226Z
765,14389,Sanchez-Hill,invoiced,USD,0.56,0.04,0.6,2026-03-02T18:48:06.360967Z
766,46492,Bailey LLC,confirmed,EUR,27562.0,5512.4,33074.4,2026-03-02T18:48:06.418508Z
767,24063,Soto and Sons,confirmed,EUR,3.76,0.75,4.51,2026-03-02T18:48:06.347267Z
768,21464,Bryant-Mosley,invoiced,GBP,3.93,0.79,4.72,2026-03-02T18:48:06.385742Z
769,11502,Bishop Inc,invoiced,USD,812.3,56.86,869.16,2026-03-02T18:48:06.537157Z
770,59961,Meadows Group,created,USD,21573.13,1510.12,23083.25,2026-03-02T18:48:06.497116Z
771,59192,Thompson Group,created,GBP,377.18,75.44,452.62,2026-03-02T18:48:06.487479Z
772,23700,"Rivera, Williams and Thomas",paid,GBP,1.52,0.3,1.82,2026-03-02T18:48:06.525660Z
773,32537,Powers-Klein,created,USD,3787.56,265.13,4052.69,2026-03-02T18:48:06.484626Z
774,49547,Wilson PLC,created,USD,40719.0,2850.33,43569.33,2026-03-02T18:48:06.520177Z
775,73741,Ibarra Ltd,invoiced,EUR,13585.92,2717.18,16303.1,2026-03-02T18:48:07.295499Z
776,69047,"Luna, Kim and Kennedy",invoiced,EUR,1287.0,257.4,1544.4,2026-03-02T18:48:07.323469Z
777,40059,Griffin-Richardson,created,EUR,11052.0,2210.4,13262.4,2026-03-02T18:48:07.287658Z
778,15576,Anderson-Mora,paid,GBP,580.0,116.0,696.0,2026-03-02T18:48:07.315233Z
779,83810,"Trujillo, Thompson and Huffman",paid,EUR,2.49,0.5,2.99,2026-03-02T18:48:07.279724Z
780,36435,"Roman, Copeland and Schmitt",invoiced,GBP,351.12,70.22,421.34,2026-03-02T18:48:07.283021Z
781,38013,Morales LLC,paid,GBP,3863.59,772.72,4636.31,2026-03-02T18:48:07.304923Z
782,97701,King PLC,paid,EUR,0.94,0.19,1.13,2026-03-02T18:48:07.291587Z
783,82024,"Brennan, Gonzalez and Powell",created,USD,877.76,61.44,939.2,2026-03-02T18:48:07.402334Z
784,66729,"Johnson, Wright and Torres",confirmed,USD,4455.0,311.85,4766.85,2026-03-02T18:48:07.445198Z
785,77541,Barrera Group,created,EUR,7524.0,1504.8,9028.8,2026-03-02T18:48:07.372160Z
786,58521,Klein Ltd,invoiced,GBP,5970.0,1194.0,7164.0,2026-03-02T18:48:07.375646Z
787,50156,Chen-Hernandez,paid,GBP,3.84,0.77,4.61,2026-03-02T18:48:07.438551Z
788,86895,Peck-Smith,created,GBP,1090.19,218.04,1308.23,2026-03-02T18:48:07.409269Z
789,72739,"Little, Henry and Myers",created,EUR,7764.07,1552.81,9316.88,2026-03-02T18:48:07.459854Z
790,93824,"Roberts, Reese and Freeman",created,USD,10149.06,710.43,10859.49,2026-03-02T18:48:07.388874Z
791,98526,Wheeler and Sons,paid,EUR,7128.04,1425.61,8553.65,2026-03-02T18:48:07.451062Z
792,84905,"Deleon, Choi and Hicks",paid,GBP,4.62,0.92,5.54,2026-03-02T18:48:07.467765Z
793,90297,"Adams, Patel and Horton",created,EUR,0.16,0.03,0.19,2026-03-02T18:48:08.299734Z
794,50325,Boyd LLC,confirmed,EUR,7006.07,1401.21,8407.28,2026-03-02T18:48:09.451179Z
795,62531,Simpson-Phillips,invoiced,EUR,13952.0,2790.4,16742.4,2026-03-02T18:48:08.281157Z
796,83550,Olson-Williamson,invoiced,EUR,2080.1,416.02,2496.12,2026-03-02T18:48:08.320405Z
797,88018,Martinez-Mendoza,paid,EUR,0.28,0.06,0.34,2026-03-02T18:48:09.398497Z
798,63932,Patterson-Russell,paid,GBP,6979.0,1395.8,8374.8,2026-03-02T18:48:08.239553Z
799,34963,"Gray, Smith and White",created,USD,2.0,0.14,2.14,2026-03-02T18:48:08.276983Z
800,97996,Dodson-Williams,created,USD,1601.16,112.08,1713.24,2026-03-02T18:48:08.271340Z
801,23780,Kelly Group,invoiced,GBP,21573.0,4314.6,25887.6,2026-03-02T18:48:08.292643Z
802,81912,Pierce LLC,created,EUR,5373.0,1074.6,6447.6,2026-03-02T18:48:08.323536Z
803,24309,Freeman Group,confirmed,USD,638.0,44.66,682.66,2026-03-02T18:48:08.394160Z
804,72767,"Stevens, Mullen and Conley",confirmed,USD,40440.0,2830.8,43270.8,2026-03-02T18:48:08.361744Z
805,74761,Atkinson Inc,invoiced,EUR,1.03,0.21,1.24,2026-03-02T18:48:09.511907Z
806,69763,Knight PLC,created,GBP,1.48,0.3,1.78,2026-03-02T18:48:08.384530Z
807,58176,"Garcia, Martin and Lara",paid,EUR,42115.0,8423.0,50538.0,2026-03-02T18:48:08.414748Z
808,57760,Santos-Le,invoiced,GBP,99.93,19.99,119.92,2026-03-02T18:48:08.424656Z
809,16592,Lopez-Norton,invoiced,USD,0.9,0.06,0.96,2026-03-02T18:48:08.446316Z
810,85186,Humphrey-Martin,confirmed,GBP,59925.87,11985.17,71911.04,2026-03-02T18:48:08.458007Z
811,21935,Estes PLC,invoiced,EUR,0.44,0.09,0.53,2026-03-02T18:48:09.277877Z
812,14106,Austin-Espinoza,created,GBP,27967.0,5593.4,33560.4,2026-03-02T18:48:09.244672Z
813,26488,Mcbride Ltd,paid,EUR,0.31,0.06,0.37,2026-03-02T18:48:09.239076Z
814,88764,Summers and Sons,confirmed,USD,7951.6,556.61,8508.21,2026-03-02T18:48:09.296087Z
815,11669,Williams-Parker,paid,USD,3070.99,214.97,3285.96,2026-03-02T18:48:09.315966Z
816,30995,"Rodriguez, Jenkins and Davis",invoiced,GBP,1.22,0.24,1.46,2026-03-02T18:48:09.260200Z
817,26714,"Flores, Whitaker and King",confirmed,USD,1.06,0.07,1.13,2026-03-02T18:48:09.311687Z
818,71591,"Flores, Ferguson and Briggs",created,GBP,669.23,133.85,803.08,2026-03-02T18:48:09.353187Z
819,57694,Anderson LLC,created,GBP,13583.0,2716.6,16299.6,2026-03-02T18:48:09.370894Z
820,38389,Rangel-Henry,invoiced,GBP,3585.44,717.09,4302.53,2026-03-02T18:48:09.421342Z
821,84749,"Riggs, Torres and Ward",paid,GBP,9588.81,1917.76,11506.57,2026-03-02T18:48:09.416032Z
822,24910,Morris-Chandler,paid,USD,0.64,0.04,0.68,2026-03-02T18:48:09.444994Z
823,54087,"Harrell, Martin and Davis",invoiced,GBP,1.6,0.32,1.92,2026-03-02T18:48:09.411594Z
824,94523,Gardner Inc,created,GBP,1.01,0.2,1.21,2026-03-02T18:48:09.407762Z
825,45451,"Rowland, Carter and Lloyd",paid,EUR,1881.0,376.2,2257.2,2026-03-02T18:48:09.427906Z
826,82522,"King, Kelly and Thomas",confirmed,EUR,0.78,0.16,0.94,2026-03-02T18:48:09.523532Z
827,56780,Freeman-Williams,created,USD,0.71,0.05,0.76,2026-03-02T18:48:09.553863Z
828,36060,Cummings and Sons,confirmed,USD,2591.0,181.37,2772.37,2026-03-02T18:48:09.578905Z
829,37032,Ruiz-Lee,created,USD,0.17,0.01,0.18,2026-03-02T18:48:10.250800Z
830,23855,"Gill, Hill and Meyers",created,GBP,10626.0,2125.2,12751.2,2026-03-02T18:48:10.306188Z
831,30627,Lozano-Chen,invoiced,EUR,7364.35,1472.87,8837.22,2026-03-02T18:48:10.282550Z
832,95506,"Rogers, Hart and Perez",invoiced,USD,1.41,0.1,1.51,2026-03-02T18:48:10.285418Z
833,84334,"Roberts, Ray and Rodriguez",invoiced,GBP,0.4,0.08,0.48,2026-03-02T18:48:10.239174Z
834,48719,Walker and Sons,paid,GBP,19977.15,3995.43,23972.58,2026-03-02T18:48:10.261006Z
835,90876,"Bean, Walton and Haynes",confirmed,EUR,35156.0,7031.2,42187.2,2026-03-02T18:48:10.333158Z
836,63442,Hansen Ltd,invoiced,USD,0.88,0.06,0.94,2026-03-02T18:48:10.233943Z
837,82819,Wallace-Aguirre,created,USD,21262.0,1488.34,22750.34,2026-03-02T18:48:10.288999Z
838,76592,"Morris, Bush and Grimes",confirmed,EUR,0.29,0.06,0.35,2026-03-02T18:48:11.493401Z
839,91070,Combs Ltd,created,USD,5.48,0.38,5.86,2026-03-02T18:48:10.373727Z
840,37178,Bryant-Charles,invoiced,EUR,23171.35,4634.27,27805.62,2026-03-02T18:48:11.528400Z
841,85718,"Horton, George and Lewis",paid,EUR,4.57,0.91,5.48,2026-03-02T18:48:10.402315Z
842,18716,Thompson-Miller,created,USD,0.39,0.03,0.42,2026-03-02T18:48:10.362216Z
843,97214,"Meyer, Padilla and Warner",paid,EUR,0.01,0.0,0.01,2026-03-02T18:48:11.524593Z
844,94554,"Mills, Osborn and Rodriguez",invoiced,EUR,3305.8,661.16,3966.96,2026-03-02T18:48:10.442371Z
845,17346,Wong-Schmidt,confirmed,EUR,9751.0,1950.2,11701.2,2026-03-02T18:48:10.416386Z
846,23410,Freeman and Sons,paid,GBP,1.58,0.32,1.9,2026-03-02T18:48:10.434212Z
847,61058,White-Kirk,paid,EUR,696.0,139.2,835.2,2026-03-02T18:48:12.502237Z
848,68313,Brock-Buck,confirmed,GBP,2006.0,401.2,2407.2,2026-03-02T18:48:11.315105Z
849,10390,"Brown, Guerrero and Frye",paid,GBP,8160.15,1632.03,9792.18,2026-03-02T18:48:11.304234Z
850,74757,Davis-Pearson,created,USD,1386.94,97.09,1484.03,2026-03-02T18:48:11.318399Z
851,85996,Graves-Bryant,created,USD,1.57,0.11,1.68,2026-03-02T18:48:11.308969Z
852,90739,Reynolds Group,confirmed,USD,4257.02,297.99,4555.01,2026-03-02T18:48:12.339494Z
853,63046,Boyer-Garner,confirmed,EUR,1.04,0.21,1.25,2026-03-02T18:48:11.281727Z
854,56363,Hardy-Mason,created,GBP,10391.37,2078.27,12469.64,2026-03-02T18:48:11.372745Z
855,42650,Moore-Newton,confirmed,USD,6654.0,465.78,7119.78,2026-03-02T18:48:11.518411Z
856,38476,Saunders Inc,invoiced,GBP,8355.0,1671.0,10026.0,2026-03-02T18:48:11.482084Z
857,73115,"Neal, Clarke and Lambert",created,USD,899.0,62.93,961.93,2026-03-02T18:48:11.521196Z
858,79361,"Davis, Moore and Oneill",confirmed,EUR,0.92,0.18,1.1,2026-03-02T18:48:11.473264Z
859,85033,Martinez Ltd,invoiced,EUR,2376.83,475.37,2852.2,2026-03-02T18:48:11.532387Z
860,28119,Contreras Inc,paid,USD,0.22,0.02,0.24,2026-03-02T18:48:11.606411Z
861,68470,Sexton-Williams,paid,GBP,581.92,116.38,698.3,2026-03-02T18:48:11.551251Z
862,84054,"Harris, Mason and Wiggins",created,EUR,0.26,0.05,0.31,2026-03-02T18:48:11.564929Z
863,86217,Ryan-Horne,paid,GBP,0.78,0.16,0.94,2026-03-02T18:48:11.662343Z
864,50080,Johnson-Frazier,created,GBP,3089.04,617.81,3706.85,2026-03-02T18:48:11.677196Z
865,62456,"Peters, Mckenzie and Alexander",created,USD,4546.76,318.27,4865.03,2026-03-02T18:48:12.316179Z
866,25439,Smith LLC,invoiced,EUR,0.33,0.07,0.4,2026-03-02T18:48:12.247726Z
867,27433,"Stevens, Mata and Carrillo",confirmed,EUR,28764.3,5752.86,34517.16,2026-03-02T18:48:12.287105Z
868,62649,Murphy PLC,paid,EUR,1485.0,297.0,1782.0,2026-03-02T18:48:12.251331Z
869,64210,"Sanders, Jensen and Bryant",paid,GBP,5174.0,1034.8,6208.8,2026-03-02T18:48:12.312817Z
870,42079,Wallace-Wood,created,EUR,5970.73,1194.15,7164.88,2026-03-02T18:48:12.292867Z
871,55597,"Valencia, Rosales and Cortez",invoiced,GBP,2.4,0.48,2.88,2026-03-02T18:48:12.238757Z
872,81744,Anderson-Jordan,paid,GBP,13087.18,2617.44,15704.62,2026-03-02T18:48:12.267517Z
873,28466,"Knight, Torres and Mullen",invoiced,GBP,2.43,0.49,2.92,2026-03-02T18:48:12.330027Z
874,78074,Gomez Inc,paid,USD,6171.11,431.98,6603.09,2026-03-02T18:48:12.389640Z
875,75970,Adkins-Trujillo,confirmed,USD,37553.0,2628.71,40181.71,2026-03-02T18:48:12.406679Z
876,12821,"Green, Fisher and Miller",created,EUR,10455.0,2091.0,12546.0,2026-03-02T18:48:12.345562Z
877,38982,Bruce-Oneill,paid,USD,2.05,0.14,2.19,2026-03-02T18:48:12.440205Z
878,81248,"Campbell, Atkins and Peterson",confirmed,EUR,41414.0,8282.8,49696.8,2026-03-02T18:48:12.398585Z
879,20189,"Cox, Gaines and Lopez",paid,GBP,843.46,168.69,1012.15,2026-03-02T18:48:12.453785Z
880,23931,Gross Ltd,confirmed,GBP,987.19,197.44,1184.63,2026-03-02T18:48:12.460419Z
881,97751,Jackson-West,created,USD,2178.73,152.51,2331.24,2026-03-02T18:48:12.425343Z
882,11531,"May, Braun and Taylor",paid,USD,1685.92,118.01,1803.93,2026-03-02T18:48:12.478679Z
883,82900,Martin PLC,created,USD,32823.0,2297.61,35120.61,2026-03-02T18:48:13.235415Z
884,98718,Cameron Group,created,GBP,5373.0,1074.6,6447.6,2026-03-02T18:48:13.327188Z
885,58336,Meza-Olsen,created,GBP,207.26,41.45,248.71,2026-03-02T18:48:13.312913Z
886,35037,"Hansen, Martinez and Evans",paid,GBP,4.43,0.89,5.32,2026-03-02T18:48:13.322312Z
887,74785,Freeman-Gonzalez,created,USD,2079.0,145.53,2224.53,2026-03-02T18:48:13.232406Z
888,20465,Silva-Moon,confirmed,GBP,44744.0,8948.8,53692.8,2026-03-02T18:48:13.301136Z
889,93714,"Mcbride, Young and Miller",paid,GBP,3905.29,781.06,4686.35,2026-03-02T18:48:13.248349Z
890,16340,Campbell-Adams,created,USD,0.78,0.05,0.83,2026-03-02T18:48:13.245611Z
891,93275,Hill-Young,invoiced,GBP,5.28,1.06,6.34,2026-03-02T18:48:13.290479Z
892,39635,Beck-Whitaker,created,GBP,34209.0,6841.8,41050.8,2026-03-02T18:48:13.304400Z
893,76032,Clark-Guerrero,invoiced,EUR,1.94,0.39,2.33,2026-03-02T18:48:13.330739Z
894,67992,Campbell-Frazier,created,EUR,0.33,0.07,0.4,2026-03-02T18:48:13.307557Z
895,94926,Simmons PLC,invoiced,EUR,0.67,0.13,0.8,2026-03-02T18:48:13.387674Z
896,36053,"Wilson, Morris and Mccoy",paid,USD,3.36,0.24,3.6,2026-03-02T18:48:13.396180Z
897,16269,Potter Group,confirmed,EUR,0.82,0.16,0.98,2026-03-02T18:48:13.385416Z
898,64819,Miller Inc,invoiced,EUR,3582.0,716.4,4298.4,2026-03-02T18:48:13.399298Z
899,26951,Harmon Ltd,confirmed,USD,1.5,0.11,1.61,2026-03-02T18:48:13.401991Z
900,91800,Brooks Inc,invoiced,USD,5.59,0.39,5.98,2026-03-02T18:48:14.615386Z
901,66520,"Phillips, Silva and Cruz",confirmed,USD,5574.86,390.24,5965.1,2026-03-02T18:48:14.256973Z
902,45776,"Walters, Castillo and Lawrence",confirmed,GBP,870.39,174.08,1044.47,2026-03-02T18:48:14.248625Z
903,15521,"Valdez, Roberts and Lopez",created,EUR,5.16,1.03,6.19,2026-03-02T18:48:14.242870Z
904,88901,Hunt-Morrison,confirmed,GBP,18639.41,3727.88,22367.29,2026-03-02T18:48:14.239028Z
905,99663,Reed-Medina,paid,USD,0.62,0.04,0.66,2026-03-02T18:48:15.437601Z
906,10155,Gamble-Harrington,confirmed,EUR,0.92,0.18,1.1,2026-03-02T18:48:14.266714Z
907,62798,Strong LLC,confirmed,GBP,4.9,0.98,5.88,2026-03-02T18:48:14.263871Z
908,94741,Richard and Sons,paid,USD,4158.57,291.1,4449.67,2026-03-02T18:48:15.372841Z
909,36995,"Sanders, Briggs and Young",created,USD,0.32,0.02,0.34,2026-03-02T18:48:14.277504Z
910,91769,"Hayes, Bowman and Mendez",confirmed,USD,0.44,0.03,0.47,2026-03-02T18:48:14.352358Z
911,69935,Buck-Cline,confirmed,USD,1131.33,79.19,1210.52,2026-03-02T18:48:14.385725Z
912,78990,"Small, Collins and Castro",confirmed,EUR,398.29,79.66,477.95,2026-03-02T18:48:14.361632Z
913,22396,Woods Ltd,invoiced,GBP,2397.0,479.4,2876.4,2026-03-02T18:48:14.395358Z
914,17592,Pratt-Yang,invoiced,EUR,145.9,29.18,175.08,2026-03-02T18:48:14.375949Z
915,32698,Robles-Webb,paid,USD,638.73,44.71,683.44,2026-03-02T18:48:14.427594Z
916,99729,"Blanchard, Bird and Robles",confirmed,GBP,26877.0,5375.4,32252.4,2026-03-02T18:48:14.365702Z
917,78539,"Blankenship, Farley and Williams",confirmed,USD,0.16,0.01,0.17,2026-03-02T18:48:14.421052Z
918,93741,Espinoza-Thomas,invoiced,GBP,18308.0,3661.6,21969.6,2026-03-02T18:48:14.514660Z
919,98770,"Mclaughlin, Mitchell and Castro",invoiced,USD,6766.0,473.62,7239.62,2026-03-02T18:48:15.292351Z
920,89398,Russell-Hernandez,paid,EUR,551.94,110.39,662.33,2026-03-02T18:48:15.301391Z
921,55516,Sullivan-Munoz,confirmed,GBP,0.99,0.2,1.19,2026-03-02T18:48:15.248472Z
922,16576,"Mcintosh, Bradshaw and Henry",invoiced,USD,396.06,27.72,423.78,2026-03-02T18:48:15.235305Z
923,72712,George PLC,confirmed,GBP,9970.0,1994.0,11964.0,2026-03-02T18:48:15.314859Z
924,84068,Ellis-Norris,created,EUR,1278.41,255.68,1534.09,2026-03-02T18:48:15.237835Z
925,22223,Spence Ltd,invoiced,USD,30362.33,2125.36,32487.69,2026-03-02T18:48:15.241356Z
926,94609,Nash-Shaffer,confirmed,USD,116.0,8.12,124.12,2026-03-02T18:48:15.329408Z
927,93292,Miller Inc,paid,USD,0.07,0.0,0.07,2026-03-02T18:48:15.361220Z
928,50051,Ryan-Frank,invoiced,EUR,16312.18,3262.44,19574.62,2026-03-02T18:48:15.322196Z
929,35340,"Jones, Floyd and Jacobson",paid,EUR,1073.0,214.6,1287.6,2026-03-02T18:48:15.318120Z
930,78121,Ruiz PLC,confirmed,EUR,319.87,63.97,383.84,2026-03-02T18:48:15.334860Z
931,65572,Cohen-Duncan,created,EUR,4873.97,974.79,5848.76,2026-03-02T18:48:15.394312Z
932,77728,Callahan Ltd,confirmed,GBP,1386.23,277.25,1663.48,2026-03-02T18:48:15.472335Z
933,79356,"Thompson, Shaw and Stanley",created,USD,5575.76,390.3,5966.06,2026-03-02T18:48:15.452413Z
934,70478,Smith Inc,invoiced,EUR,7184.0,1436.8,8620.8,2026-03-02T18:48:15.497044Z
935,99870,"Chavez, Williams and Jackson",confirmed,USD,36754.25,2572.8,39327.05,2026-03-02T18:48:16.604271Z
936,30288,Frederick-Johnson,created,EUR,10095.34,2019.07,12114.41,2026-03-02T18:48:16.562123Z
937,80349,Welch PLC,invoiced,EUR,37327.87,7465.57,44793.44,2026-03-02T18:48:16.231878Z
938,68860,Wood-Maldonado,confirmed,USD,3964.97,277.55,4242.52,2026-03-02T18:48:16.309518Z
939,22775,Robinson LLC,paid,USD,3.44,0.24,3.68,2026-03-02T18:48:16.329155Z
940,57019,Smith-Sandoval,paid,USD,0.55,0.04,0.59,2026-03-02T18:48:16.268358Z
941,56901,"Patel, Rodgers and Fleming",paid,USD,8789.8,615.29,9405.09,2026-03-02T18:48:16.304685Z
942,61775,Dalton Ltd,created,GBP,0.32,0.06,0.38,2026-03-02T18:48:16.271318Z
943,80971,Nichols and Sons,confirmed,EUR,5374.56,1074.91,6449.47,2026-03-02T18:48:16.265260Z
944,11542,Ellison-Medina,invoiced,EUR,6368.0,1273.6,7641.6,2026-03-02T18:48:18.500736Z
945,67064,Wolfe-Hogan,invoiced,GBP,18941.1,3788.22,22729.32,2026-03-02T18:48:16.356902Z
946,14410,"Wong, Dickson and Burns",created,EUR,2.39,0.48,2.87,2026-03-02T18:48:16.395110Z
947,36084,"Hill, Kelly and Rodriguez",confirmed,USD,3183.14,222.82,3405.96,2026-03-02T18:48:16.342098Z
948,78405,Townsend-Johnson,confirmed,GBP,0.96,0.19,1.15,2026-03-02T18:48:16.418349Z
949,54065,"Richardson, Weiss and Adams",created,GBP,812.02,162.4,974.42,2026-03-02T18:48:16.449544Z
950,37813,Steele Group,created,GBP,22372.0,4474.4,26846.4,2026-03-02T18:48:16.421747Z
951,33260,Carson-Scott,paid,EUR,8957.47,1791.49,10748.96,2026-03-02T18:48:16.463569Z
952,25003,"Williams, Lopez and Martin",paid,EUR,4455.0,891.0,5346.0,2026-03-02T18:48:16.475480Z
953,10532,Hughes LLC,confirmed,GBP,1791.78,358.36,2150.14,2026-03-02T18:48:16.457066Z
954,32665,"Brown, Dickerson and Graves",created,USD,899.29,62.95,962.24,2026-03-02T18:48:16.530739Z
955,97138,Gibson-Gilbert,confirmed,EUR,2.17,0.43,2.6,2026-03-02T18:48:17.330721Z
956,99563,Hernandez-Rodgers,paid,EUR,2.96,0.59,3.55,2026-03-02T18:48:17.285283Z
957,70636,Noble and Sons,confirmed,EUR,3510.84,702.17,4213.01,2026-03-02T18:48:17.282241Z
958,52309,"Mclean, Castillo and Reynolds",created,EUR,34357.0,6871.4,41228.4,2026-03-02T18:48:17.307660Z
959,72236,Rodriguez Group,paid,USD,30362.0,2125.34,32487.34,2026-03-02T18:48:17.262735Z
960,60890,"Thompson, Small and Carter",paid,GBP,4059.92,811.98,4871.9,2026-03-02T18:48:18.380833Z
961,93996,"Brown, Barnes and Stephens",invoiced,EUR,1.23,0.25,1.48,2026-03-02T18:48:17.274811Z
962,43190,"Pearson, Kim and Anderson",paid,GBP,2.8,0.56,3.36,2026-03-02T18:48:17.289775Z
963,80716,Lewis-Preston,created,EUR,27166.0,5433.2,32599.2,2026-03-02T18:48:18.412345Z
964,76125,Hawkins-Donovan,created,EUR,8561.0,1712.2,10273.2,2026-03-02T18:48:17.383028Z
965,40145,Morris-Holt,confirmed,EUR,2.4,0.48,2.88,2026-03-02T18:48:17.418791Z
966,14330,Barrett-Freeman,created,EUR,0.94,0.19,1.13,2026-03-02T18:48:17.437965Z
967,78948,Lewis Group,invoiced,USD,552.21,38.65,590.86,2026-03-02T18:48:17.403145Z
968,22863,Hampton-Andrews,paid,USD,53535.08,3747.46,57282.54,2026-03-02T18:48:17.452667Z
969,59538,"Cuevas, Davis and Stark",confirmed,EUR,4911.0,982.2,5893.2,2026-03-02T18:48:17.395848Z
970,47472,"Rodriguez, Davis and Hansen",created,GBP,39144.0,7828.8,46972.8,2026-03-02T18:48:17.399920Z
971,44483,Archer Ltd,created,USD,6965.0,487.55,7452.55,2026-03-02T18:48:17.550933Z
972,25740,"Russell, James and Villarreal",created,USD,0.68,0.05,0.73,2026-03-02T18:48:17.558017Z
973,30341,"Williams, Barnes and Baker",invoiced,GBP,1.06,0.21,1.27,2026-03-02T18:48:18.279802Z
974,53173,"Guzman, Salazar and Steele",created,GBP,2.43,0.49,2.92,2026-03-02T18:48:18.283278Z
975,74849,"Horton, Newman and Hoffman",paid,GBP,754.65,150.93,905.58,2026-03-02T18:48:18.298254Z
976,53466,"Cohen, Richard and Brown",paid,USD,43238.0,3026.66,46264.66,2026-03-02T18:48:18.355946Z
977,92623,Schneider LLC,created,USD,4713.48,329.94,5043.42,2026-03-02T18:48:18.361874Z
978,87451,Chang Group,confirmed,EUR,725.73,145.15,870.88,2026-03-02T18:48:18.325865Z
979,71360,Tyler Inc,confirmed,USD,14601.0,1022.07,15623.07,2026-03-02T18:48:18.340423Z
980,65976,Irwin-Thompson,invoiced,USD,100.9,7.06,107.96,2026-03-02T18:48:18.443544Z
981,38757,Taylor LLC,confirmed,USD,1386.0,97.02,1483.02,2026-03-02T18:48:18.384333Z
982,76174,Roberson Inc,created,USD,398.28,27.88,426.16,2026-03-02T18:48:18.391502Z
983,96893,"Blake, Bennett and Tran",invoiced,GBP,928.12,185.62,1113.74,2026-03-02T18:48:18.448399Z
984,92392,Kennedy Inc,paid,USD,3762.24,263.36,4025.6,2026-03-02T18:48:18.435771Z
985,53364,Richardson Group,confirmed,EUR,35156.08,7031.22,42187.3,2026-03-02T18:48:18.430051Z
986,25837,Cox Inc,confirmed,GBP,203.23,40.65,243.88,2026-03-02T18:48:18.518784Z
987,79829,"Mack, Moreno and Brown",created,EUR,4160.56,832.11,4992.67,2026-03-02T18:48:18.473621Z
988,49821,"Rodriguez, Garcia and Miller",invoiced,USD,4458.84,312.12,4770.96,2026-03-02T18:48:18.523569Z
989,20789,Evans Ltd,paid,USD,2178.95,152.53,2331.48,2026-03-02T18:48:18.541588Z
990,75778,Barber LLC,invoiced,USD,7762.52,543.38,8305.9,2026-03-02T18:48:19.646151Z
991,29305,Rios-Roberts,confirmed,GBP,0.9,0.18,1.08,2026-03-02T18:48:19.308676Z
992,36059,Lindsey-Smith,created,USD,0.04,0.0,0.04,2026-03-02T18:48:19.270989Z
993,18059,Thomas LLC,confirmed,EUR,0.15,0.03,0.18,2026-03-02T18:48:19.314014Z
994,26653,"Parsons, James and Valdez",invoiced,USD,12039.0,842.73,12881.73,2026-03-02T18:48:19.254915Z
995,33827,Gill-Lambert,created,USD,1222.24,85.56,1307.8,2026-03-02T18:48:19.281830Z
996,68167,Werner-Garcia,invoiced,GBP,3762.62,752.52,4515.14,2026-03-02T18:48:19.252167Z
997,71040,Evans-Thompson,confirmed,EUR,3.44,0.69,4.13,2026-03-02T18:48:19.321672Z
998,31605,Crane-Patel,confirmed,GBP,27965.19,5593.04,33558.23,2026-03-02T18:48:19.233578Z
999,98972,Mosley PLC,confirmed,USD,0.25,0.02,0.27,2026-03-02T18:48:19.249296Z
1000,66226,"Hodges, Long and Brown",invoiced,GBP,27965.0,5593.0,33558.0,2026-03-02T18:48:19.316655Z
